song_id,file_name,pitch_midi,pitch_name,onset_s,duration_s
00001,00001.mid,60,C4,0.000000,0.692307
00001,00001.mid,62,D4,0.692307,0.230769
00001,00001.mid,64,E4,0.923076,0.461538
00001,00001.mid,64,E4,1.384614,0.461538
00001,00001.mid,62,D4,1.846152,0.230769
00001,00001.mid,60,C4,2.076921,0.230769
00001,00001.mid,62,D4,2.307690,0.230769
00001,00001.mid,64,E4,2.538459,0.230769
00001,00001.mid,60,C4,2.769228,0.461538
00001,00001.mid,55,G3,3.230766,0.461538
00001,00001.mid,60,C4,3.692304,0.692307
00001,00001.mid,62,D4,4.384611,0.230769
00001,00001.mid,64,E4,4.615380,0.461538
00001,00001.mid,64,E4,5.076918,0.461538
00001,00001.mid,62,D4,5.538456,0.230769
00001,00001.mid,60,C4,5.769225,0.230769
00001,00001.mid,62,D4,5.999994,0.230769
00001,00001.mid,64,E4,6.230763,0.230769
00001,00001.mid,60,C4,6.461532,0.923076
00001,00001.mid,60,C4,7.384608,0.230769
00001,00001.mid,60,C4,7.615377,0.230769
00001,00001.mid,60,C4,7.846146,0.230769
00001,00001.mid,64,E4,8.076915,0.230769
00001,00001.mid,67,G4,8.307684,0.230769
00001,00001.mid,67,G4,8.538453,0.230769
00001,00001.mid,67,G4,8.769222,0.461538
00001,00001.mid,67,G4,9.230760,0.230769
00001,00001.mid,69,A4,9.461529,0.230769
00001,00001.mid,67,G4,9.692298,0.230769
00001,00001.mid,65,F4,9.923067,0.230769
00001,00001.mid,64,E4,10.153836,0.230769
00001,00001.mid,62,D4,10.384605,0.230769
00001,00001.mid,60,C4,10.615374,0.461538
00001,00001.mid,67,G4,11.076912,0.230769
00001,00001.mid,67,G4,11.307681,0.230769
00001,00001.mid,67,G4,11.538450,0.461538
00001,00001.mid,55,G3,11.999988,0.230769
00001,00001.mid,55,G3,12.230757,0.230769
00001,00001.mid,55,G3,12.461526,0.461538
00001,00001.mid,67,G4,12.923064,0.230769
00001,00001.mid,67,G4,13.153833,0.230769
00001,00001.mid,67,G4,13.384602,0.461538
00001,00001.mid,55,G3,13.846140,0.923076
00001,00001.mid,60,C4,14.769216,0.692307
00001,00001.mid,62,D4,15.461523,0.230769
00001,00001.mid,64,E4,15.692292,0.461538
00001,00001.mid,64,E4,16.153830,0.461538
00001,00001.mid,62,D4,16.615368,0.230769
00001,00001.mid,60,C4,16.846137,0.230769
00001,00001.mid,62,D4,17.076906,0.230769
00001,00001.mid,64,E4,17.307675,0.230769
00001,00001.mid,60,C4,17.538444,0.461538
00001,00001.mid,55,G3,17.999982,0.461538
00001,00001.mid,60,C4,18.461520,0.692307
00001,00001.mid,62,D4,19.153827,0.230769
00001,00001.mid,64,E4,19.384596,0.461538
00001,00001.mid,64,E4,19.846134,0.461538
00001,00001.mid,62,D4,20.307672,0.230769
00001,00001.mid,60,C4,20.538441,0.230769
00001,00001.mid,62,D4,20.769210,0.230769
00001,00001.mid,64,E4,20.999979,0.230769
00001,00001.mid,60,C4,21.230748,0.923076
00002,00002.mid,67,G4,0.000000,0.562500
00002,00002.mid,62,D4,0.562500,0.187500
00002,00002.mid,67,G4,0.750000,0.281250
00002,00002.mid,62,D4,1.031250,0.093750
00002,00002.mid,67,G4,1.125000,0.281250
00002,00002.mid,69,A4,1.406250,0.093750
00002,00002.mid,71,B4,1.500000,0.750000
00002,00002.mid,67,G4,2.250000,0.375000
00002,00002.mid,62,D4,2.625000,0.375000
00002,00002.mid,72,C5,3.000000,0.562500
00002,00002.mid,72,C5,3.562500,0.187500
00002,00002.mid,67,G4,3.750000,0.375000
00002,00002.mid,69,A4,4.125000,0.375000
00002,00002.mid,71,B4,4.500000,1.500000
00002,00002.mid,67,G4,6.000000,0.562500
00002,00002.mid,62,D4,6.562500,0.187500
00002,00002.mid,67,G4,6.750000,0.281250
00002,00002.mid,62,D4,7.031250,0.093750
00002,00002.mid,67,G4,7.125000,0.281250
00002,00002.mid,69,A4,7.406250,0.093750
00002,00002.mid,71,B4,7.500000,0.750000
00002,00002.mid,67,G4,8.250000,0.375000
00002,00002.mid,71,B4,8.625000,0.187500
00002,00002.mid,71,B4,8.812500,0.187500
00002,00002.mid,71,B4,9.000000,0.562500
00002,00002.mid,69,A4,9.562500,0.187500
00002,00002.mid,69,A4,9.750000,0.375000
00002,00002.mid,71,B4,10.125000,0.375000
00002,00002.mid,69,A4,10.500000,1.500000
00002,00002.mid,69,A4,12.000000,0.562500
00002,00002.mid,69,A4,12.562500,0.187500
00002,00002.mid,68,G#4,12.750000,0.281250
00002,00002.mid,69,A4,13.031250,0.093750
00002,00002.mid,71,B4,13.125000,0.281250
00002,00002.mid,69,A4,13.406250,0.093750
00002,00002.mid,67,G4,13.500000,0.750000
00002,00002.mid,62,D4,14.250000,0.750000
00002,00002.mid,72,C5,15.000000,0.375000
00002,00002.mid,72,C5,15.375000,0.281250
00002,00002.mid,72,C5,15.656250,0.093750
00002,00002.mid,67,G4,15.750000,0.281250
00002,00002.mid,67,G4,16.031250,0.093750
00002,00002.mid,69,A4,16.125000,0.281250
00002,00002.mid,69,A4,16.406250,0.093750
00002,00002.mid,71,B4,16.500000,1.500000
00002,00002.mid,67,G4,18.000000,0.562500
00002,00002.mid,66,F#4,18.562500,0.187500
00002,00002.mid,67,G4,18.750000,0.281250
00002,00002.mid,66,F#4,19.031250,0.093750
00002,00002.mid,67,G4,19.125000,0.281250
00002,00002.mid,64,E4,19.406250,0.093750
00002,00002.mid,62,D4,19.500000,0.750000
00002,00002.mid,67,G4,20.250000,0.750000
00002,00002.mid,71,B4,21.000000,0.562500
00002,00002.mid,72,C5,21.562500,0.187500
00002,00002.mid,71,B4,21.750000,0.375000
00002,00002.mid,69,A4,22.125000,0.375000
00002,00002.mid,67,G4,22.500000,0.375000
00002,00002.mid,67,G4,22.875000,0.375000
00002,00002.mid,67,G4,23.250000,2.250000
00003,00003.mid,64,E4,0.000000,0.250000
00003,00003.mid,65,F4,0.250000,0.250000
00003,00003.mid,67,G4,0.500000,0.250000
00003,00003.mid,65,F4,0.750000,0.250000
00003,00003.mid,64,E4,1.000000,0.250000
00003,00003.mid,62,D4,1.250000,0.250000
00003,00003.mid,64,E4,1.500000,0.500000
00003,00003.mid,72,C5,2.000000,0.250000
00003,00003.mid,67,G4,2.250000,0.500000
00003,00003.mid,60,C4,2.750000,0.250000
00003,00003.mid,64,E4,3.000000,0.500000
00003,00003.mid,67,G4,3.500000,0.250000
00003,00003.mid,65,F4,3.750000,0.500000
00003,00003.mid,62,D4,4.250000,0.250000
00003,00003.mid,64,E4,4.500000,0.500000
00003,00003.mid,72,C5,5.000000,0.250000
00003,00003.mid,67,G4,5.250000,0.500000
00003,00003.mid,60,C4,5.750000,0.250000
00003,00003.mid,64,E4,6.000000,0.500000
00003,00003.mid,64,E4,6.500000,0.250000
00003,00003.mid,67,G4,6.750000,0.500000
00003,00003.mid,67,G4,7.250000,0.250000
00003,00003.mid,65,F4,7.500000,0.500000
00003,00003.mid,65,F4,8.000000,0.250000
00003,00003.mid,69,A4,8.250000,0.750000
00003,00003.mid,67,G4,9.000000,0.250000
00003,00003.mid,69,A4,9.250000,0.250000
00003,00003.mid,67,G4,9.500000,0.250000
00003,00003.mid,65,F4,9.750000,0.250000
00003,00003.mid,64,E4,10.000000,0.250000
00003,00003.mid,62,D4,10.250000,0.250000
00003,00003.mid,60,C4,10.500000,0.500000
00003,00003.mid,67,G4,11.000000,0.250000
00003,00003.mid,72,C5,11.250000,0.750000
00004,00004.mid,60,C4,0.000000,0.631579
00004,00004.mid,60,C4,0.631579,0.315790
00004,00004.mid,64,E4,0.947369,0.631579
00004,00004.mid,64,E4,1.578948,0.315789
00004,00004.mid,62,D4,1.894737,0.315790
00004,00004.mid,64,E4,2.210527,0.315789
00004,00004.mid,62,D4,2.526316,0.315790
00004,00004.mid,60,C4,2.842106,0.947369
00004,00004.mid,64,E4,3.789474,0.631579
00004,00004.mid,64,E4,4.421053,0.315789
00004,00004.mid,67,G4,4.736842,0.631579
00004,00004.mid,67,G4,5.368422,0.315790
00004,00004.mid,65,F4,5.684211,0.315790
00004,00004.mid,67,G4,6.000001,0.315790
00004,00004.mid,65,F4,6.315790,0.315789
00004,00004.mid,64,E4,6.631579,0.947369
00004,00004.mid,69,A4,7.578948,0.315790
00004,00004.mid,69,A4,7.894738,0.315790
00004,00004.mid,69,A4,8.210527,0.315789
00004,00004.mid,67,G4,8.526317,0.315790
00004,00004.mid,67,G4,8.842106,0.315789
00004,00004.mid,67,G4,9.157896,0.315789
00004,00004.mid,65,F4,9.473685,0.315790
00004,00004.mid,65,F4,9.789475,0.315789
00004,00004.mid,65,F4,10.105264,0.315790
00004,00004.mid,64,E4,10.421054,0.947368
00004,00004.mid,65,F4,11.368422,0.315789
00004,00004.mid,65,F4,11.684211,0.315790
00004,00004.mid,65,F4,12.000001,0.315789
00004,00004.mid,64,E4,12.315791,0.315790
00004,00004.mid,64,E4,12.631580,0.315789
00004,00004.mid,64,E4,12.947370,0.315789
00004,00004.mid,62,D4,13.263159,0.473684
00004,00004.mid,60,C4,13.736843,0.157895
00004,00004.mid,62,D4,13.894738,0.315790
00004,00004.mid,60,C4,14.210528,0.947368
00005,00005.mid,64,E4,0.000000,0.409091
00005,00005.mid,62,D4,0.409091,0.136363
00005,00005.mid,60,C4,0.545454,0.272727
00005,00005.mid,62,D4,0.818181,0.272727
00005,00005.mid,64,E4,1.090908,0.272727
00005,00005.mid,63,D#4,1.363635,0.272727
00005,00005.mid,64,E4,1.636362,0.272727
00005,00005.mid,60,C4,1.909089,0.272727
00005,00005.mid,62,D4,2.181816,0.272727
00005,00005.mid,62,D4,2.454543,0.272727
00005,00005.mid,62,D4,2.727270,0.272727
00005,00005.mid,62,D4,2.999997,1.363635
00005,00005.mid,62,D4,4.363632,0.409091
00005,00005.mid,60,C4,4.772723,0.136363
00005,00005.mid,59,B3,4.909086,0.272727
00005,00005.mid,60,C4,5.181813,0.272727
00005,00005.mid,62,D4,5.454540,0.272727
00005,00005.mid,61,C#4,5.727267,0.272727
00005,00005.mid,62,D4,5.999994,0.272727
00005,00005.mid,59,B3,6.272721,0.272727
00005,00005.mid,60,C4,6.545448,0.272727
00005,00005.mid,64,E4,6.818175,0.272727
00005,00005.mid,64,E4,7.090902,0.272727
00005,00005.mid,64,E4,7.363629,1.363635
00005,00005.mid,64,E4,8.727264,0.409091
00005,00005.mid,62,D4,9.136355,0.136363
00005,00005.mid,60,C4,9.272718,0.272727
00005,00005.mid,62,D4,9.545445,0.272727
00005,00005.mid,64,E4,9.818172,0.272727
00005,00005.mid,63,D#4,10.090899,0.272727
00005,00005.mid,64,E4,10.363626,0.272727
00005,00005.mid,60,C4,10.636353,0.272727
00005,00005.mid,62,D4,10.909080,0.272727
00005,00005.mid,62,D4,11.181807,0.272727
00005,00005.mid,62,D4,11.454534,0.272727
00005,00005.mid,62,D4,11.727261,1.363635
00005,00005.mid,62,D4,13.090896,0.409090
00005,00005.mid,60,C4,13.499987,0.136363
00005,00005.mid,59,B3,13.636350,0.272727
00005,00005.mid,60,C4,13.909077,0.272727
00005,00005.mid,62,D4,14.181804,0.272727
00005,00005.mid,61,C#4,14.454531,0.272727
00005,00005.mid,62,D4,14.727258,0.272727
00005,00005.mid,59,B3,14.999985,0.272727
00005,00005.mid,60,C4,15.272712,0.272727
00005,00005.mid,60,C4,15.545439,0.272727
00005,00005.mid,60,C4,15.818166,0.272727
00005,00005.mid,60,C4,16.090893,0.272727
00005,00005.mid,62,D4,16.363620,0.545454
00005,00005.mid,64,E4,16.909074,0.545454
00005,00005.mid,60,C4,17.454528,1.636362
00006,00006.mid,64,E4,0.000000,0.300000
00006,00006.mid,55,G3,0.300000,0.150000
00006,00006.mid,55,G3,0.450000,0.150000
00006,00006.mid,55,G3,0.600000,0.300000
00006,00006.mid,64,E4,0.900000,0.300000
00006,00006.mid,64,E4,1.200000,0.300000
00006,00006.mid,62,D4,1.500000,0.300000
00006,00006.mid,62,D4,1.800000,0.600000
00006,00006.mid,62,D4,2.400000,0.300000
00006,00006.mid,55,G3,2.700000,0.300000
00006,00006.mid,62,D4,3.000000,0.150000
00006,00006.mid,62,D4,3.150000,0.150000
00006,00006.mid,55,G3,3.300000,0.300000
00006,00006.mid,62,D4,3.600000,0.300000
00006,00006.mid,60,C4,3.900000,0.300000
00006,00006.mid,60,C4,4.200000,0.300000
00006,00006.mid,64,E4,4.500000,0.150000
00006,00006.mid,64,E4,4.650000,0.150000
00006,00006.mid,64,E4,4.800000,0.300000
00006,00006.mid,55,G3,5.100000,0.150000
00006,00006.mid,55,G3,5.250000,0.150000
00006,00006.mid,55,G3,5.400000,0.300000
00006,00006.mid,64,E4,5.700000,0.300000
00006,00006.mid,64,E4,6.000000,0.300000
00006,00006.mid,62,D4,6.300000,0.300000
00006,00006.mid,62,D4,6.600000,0.450000
00006,00006.mid,62,D4,7.050000,0.150000
00006,00006.mid,67,G4,7.200000,0.300000
00006,00006.mid,67,G4,7.500000,0.150000
00006,00006.mid,67,G4,7.650000,0.150000
00006,00006.mid,67,G4,7.800000,0.150000
00006,00006.mid,69,A4,7.950000,0.150000
00006,00006.mid,67,G4,8.100000,0.150000
00006,00006.mid,65,F4,8.250000,0.150000
00006,00006.mid,64,E4,8.400000,0.300000
00006,00006.mid,60,C4,8.700000,0.300000
00006,00006.mid,60,C4,9.000000,0.600000
00006,00006.mid,55,G3,9.600000,0.300000
00006,00006.mid,64,E4,9.900000,0.150000
00006,00006.mid,64,E4,10.050000,0.150000
00006,00006.mid,55,G3,10.200000,0.300000
00006,00006.mid,64,E4,10.500000,0.300000
00006,00006.mid,64,E4,10.800000,0.300000
00006,00006.mid,62,D4,11.100000,0.300000
00006,00006.mid,62,D4,11.400000,0.600000
00006,00006.mid,55,G3,12.000000,0.300000
00006,00006.mid,62,D4,12.300000,0.300000
00006,00006.mid,55,G3,12.600000,0.150000
00006,00006.mid,55,G3,12.750000,0.150000
00006,00006.mid,62,D4,12.900000,0.150000
00006,00006.mid,62,D4,13.050000,0.150000
00006,00006.mid,62,D4,13.200000,0.300000
00006,00006.mid,60,C4,13.500000,0.300000
00006,00006.mid,60,C4,13.800000,0.300000
00006,00006.mid,64,E4,14.100000,0.150000
00006,00006.mid,64,E4,14.250000,0.150000
00006,00006.mid,64,E4,14.400000,0.300000
00006,00006.mid,55,G3,14.700000,0.150000
00006,00006.mid,55,G3,14.850000,0.150000
00006,00006.mid,55,G3,15.000000,0.300000
00006,00006.mid,64,E4,15.300000,0.300000
00006,00006.mid,64,E4,15.600000,0.300000
00006,00006.mid,62,D4,15.900000,0.300000
00006,00006.mid,62,D4,16.200000,0.450000
00006,00006.mid,62,D4,16.650000,0.150000
00006,00006.mid,67,G4,16.800000,0.300000
00006,00006.mid,67,G4,17.100000,0.150000
00006,00006.mid,67,G4,17.250000,0.150000
00006,00006.mid,67,G4,17.400000,0.150000
00006,00006.mid,69,A4,17.550000,0.150000
00006,00006.mid,67,G4,17.700000,0.150000
00006,00006.mid,65,F4,17.850000,0.150000
00006,00006.mid,64,E4,18.000000,0.300000
00006,00006.mid,60,C4,18.300000,0.300000
00006,00006.mid,60,C4,18.600000,0.600000
00007,00007.mid,64,E4,0.000000,0.352941
00007,00007.mid,64,E4,0.352941,0.176470
00007,00007.mid,64,E4,0.529411,0.176471
00007,00007.mid,60,C4,0.705882,0.352941
00007,00007.mid,60,C4,1.058823,0.352941
00007,00007.mid,64,E4,1.411764,0.352941
00007,00007.mid,64,E4,1.764705,0.176470
00007,00007.mid,64,E4,1.941175,0.176470
00007,00007.mid,67,G4,2.117646,0.705882
00007,00007.mid,62,D4,2.823528,0.352941
00007,00007.mid,62,D4,3.176469,0.176470
00007,00007.mid,62,D4,3.352939,0.176471
00007,00007.mid,59,B3,3.529410,0.352941
00007,00007.mid,59,B3,3.882351,0.352941
00007,00007.mid,62,D4,4.235292,0.352941
00007,00007.mid,62,D4,4.588233,0.176470
00007,00007.mid,62,D4,4.764703,0.176471
00007,00007.mid,65,F4,4.941174,0.705882
00007,00007.mid,64,E4,5.647056,0.352941
00007,00007.mid,64,E4,5.999997,0.176470
00007,00007.mid,64,E4,6.176467,0.176471
00007,00007.mid,60,C4,6.352938,0.352941
00007,00007.mid,60,C4,6.705879,0.352941
00007,00007.mid,64,E4,7.058820,0.352941
00007,00007.mid,64,E4,7.411761,0.176471
00007,00007.mid,64,E4,7.588232,0.176470
00007,00007.mid,67,G4,7.764702,0.705882
00007,00007.mid,62,D4,8.470584,0.352941
00007,00007.mid,64,E4,8.823525,0.176470
00007,00007.mid,65,F4,8.999995,0.176471
00007,00007.mid,64,E4,9.176466,0.352941
00007,00007.mid,62,D4,9.529407,0.352941
00007,00007.mid,60,C4,9.882348,0.705882
00007,00007.mid,60,C4,10.588230,0.705882
00008,00008.mid,55,G3,1.384614,0.461538
00008,00008.mid,60,C4,1.846152,0.346154
00008,00008.mid,60,C4,2.192305,0.115384
00008,00008.mid,60,C4,2.307690,0.346154
00008,00008.mid,60,C4,2.653843,0.115384
00008,00008.mid,60,C4,2.769228,0.692307
00008,00008.mid,62,D4,3.461535,0.230769
00008,00008.mid,64,E4,3.692304,0.346154
00008,00008.mid,64,E4,4.038457,0.115384
00008,00008.mid,64,E4,4.153842,0.346154
00008,00008.mid,64,E4,4.499995,0.115384
00008,00008.mid,64,E4,4.615380,0.923076
00008,00008.mid,67,G4,5.538456,0.461538
00008,00008.mid,67,G4,5.999994,0.346153
00008,00008.mid,69,A4,6.346147,0.115385
00008,00008.mid,67,G4,6.461532,0.346153
00008,00008.mid,64,E4,6.807685,0.115385
00008,00008.mid,60,C4,6.923070,0.346153
00008,00008.mid,62,D4,7.269223,0.115385
00008,00008.mid,64,E4,7.384608,0.461538
00008,00008.mid,62,D4,7.846146,0.346153
00008,00008.mid,62,D4,8.192299,0.115384
00008,00008.mid,60,C4,8.307684,0.692307
00008,00008.mid,55,G3,8.999991,0.230769
00008,00008.mid,60,C4,9.230760,0.346153
00008,00008.mid,60,C4,9.576913,0.115385
00008,00008.mid,60,C4,9.692298,0.346153
00008,00008.mid,60,C4,10.038451,0.115384
00008,00008.mid,60,C4,10.153836,0.692307
00008,00008.mid,62,D4,10.846143,0.230769
00008,00008.mid,64,E4,11.076912,0.346153
00008,00008.mid,64,E4,11.423065,0.115385
00008,00008.mid,64,E4,11.538450,0.346153
00008,00008.mid,64,E4,11.884603,0.115384
00008,00008.mid,64,E4,11.999988,0.923076
00008,00008.mid,67,G4,12.923064,0.461538
00008,00008.mid,67,G4,13.384602,0.346153
00008,00008.mid,69,A4,13.730755,0.115384
00008,00008.mid,67,G4,13.846140,0.346153
00008,00008.mid,64,E4,14.192293,0.115385
00008,00008.mid,60,C4,14.307678,0.346153
00008,00008.mid,62,D4,14.653831,0.115384
00008,00008.mid,64,E4,14.769216,0.461538
00008,00008.mid,62,D4,15.230754,0.346154
00008,00008.mid,62,D4,15.576907,0.115384
00008,00008.mid,60,C4,15.692292,1.846152
00009,00009.mid,60,C4,0.000000,0.500000
00009,00009.mid,60,C4,0.500000,0.375000
00009,00009.mid,62,D4,0.875000,0.125000
00009,00009.mid,64,E4,1.000000,0.500000
00009,00009.mid,65,F4,1.500000,0.500000
00009,00009.mid,69,A4,2.000000,0.500000
00009,00009.mid,67,G4,2.500000,0.500000
00009,00009.mid,64,E4,3.000000,1.000000
00009,00009.mid,67,G4,4.000000,0.500000
00009,00009.mid,65,F4,4.500000,0.500000
00009,00009.mid,62,D4,5.000000,1.000000
00009,00009.mid,69,A4,6.000000,0.500000
00009,00009.mid,67,G4,6.500000,0.500000
00009,00009.mid,64,E4,7.000000,0.500000
00009,00009.mid,55,G3,7.500000,0.500000
00009,00009.mid,60,C4,8.000000,0.500000
00009,00009.mid,60,C4,8.500000,0.375000
00009,00009.mid,62,D4,8.875000,0.125000
00009,00009.mid,64,E4,9.000000,0.500000
00009,00009.mid,65,F4,9.500000,0.500000
00009,00009.mid,69,A4,10.000000,0.500000
00009,00009.mid,67,G4,10.500000,0.500000
00009,00009.mid,64,E4,11.000000,1.000000
00009,00009.mid,67,G4,12.000000,1.000000
00009,00009.mid,65,F4,13.000000,0.500000
00009,00009.mid,62,D4,13.500000,0.500000
00009,00009.mid,60,C4,14.000000,2.000000
00010,00010.mid,55,G3,1.909092,0.272727
00010,00010.mid,60,C4,2.181820,0.272728
00010,00010.mid,60,C4,2.454547,0.272727
00010,00010.mid,62,D4,2.727275,0.272727
00010,00010.mid,64,E4,3.000002,0.272728
00010,00010.mid,60,C4,3.272730,0.272727
00010,00010.mid,64,E4,3.545457,0.272728
00010,00010.mid,62,D4,3.818185,0.272727
00010,00010.mid,55,G3,4.090912,0.272728
00010,00010.mid,60,C4,4.363640,0.272728
00010,00010.mid,60,C4,4.636367,0.272728
00010,00010.mid,62,D4,4.909095,0.272727
00010,00010.mid,64,E4,5.181822,0.272728
00010,00010.mid,60,C4,5.454550,0.545455
00010,00010.mid,59,B3,6.000005,0.272728
00010,00010.mid,55,G3,6.272732,0.272728
00010,00010.mid,60,C4,6.545460,0.272727
00010,00010.mid,60,C4,6.818187,0.272728
00010,00010.mid,62,D4,7.090915,0.272728
00010,00010.mid,64,E4,7.363642,0.272728
00010,00010.mid,65,F4,7.636370,0.272727
00010,00010.mid,64,E4,7.909097,0.272727
00010,00010.mid,62,D4,8.181825,0.272728
00010,00010.mid,60,C4,8.454552,0.272728
00010,00010.mid,59,B3,8.727280,0.272728
00010,00010.mid,55,G3,9.000007,0.272728
00010,00010.mid,57,A3,9.272735,0.272728
00010,00010.mid,59,B3,9.545462,0.272728
00010,00010.mid,60,C4,9.818190,0.545455
00010,00010.mid,60,C4,10.363645,0.545455
00010,00010.mid,57,A3,10.909100,0.409091
00010,00010.mid,59,B3,11.318191,0.136364
00010,00010.mid,57,A3,11.454555,0.272728
00010,00010.mid,55,G3,11.727282,0.272727
00010,00010.mid,57,A3,12.000010,0.272728
00010,00010.mid,59,B3,12.272737,0.272728
00010,00010.mid,60,C4,12.545465,0.272728
00010,00010.mid,57,A3,12.818192,0.272728
00010,00010.mid,55,G3,13.090920,0.409091
00010,00010.mid,57,A3,13.500011,0.136364
00010,00010.mid,55,G3,13.636375,0.272728
00010,00010.mid,53,F3,13.909102,0.272728
00010,00010.mid,52,E3,14.181830,0.272728
00010,00010.mid,53,F3,14.454557,0.272728
00010,00010.mid,55,G3,14.727285,0.545455
00010,00010.mid,57,A3,15.272740,0.409091
00010,00010.mid,59,B3,15.681831,0.136364
00010,00010.mid,57,A3,15.818195,0.272728
00010,00010.mid,55,G3,16.090922,0.272727
00010,00010.mid,57,A3,16.363650,0.272728
00010,00010.mid,59,B3,16.636377,0.272727
00010,00010.mid,60,C4,16.909105,0.272728
00010,00010.mid,57,A3,17.181832,0.272727
00010,00010.mid,55,G3,17.454560,0.272728
00010,00010.mid,60,C4,17.727287,0.272727
00010,00010.mid,59,B3,18.000015,0.272727
00010,00010.mid,62,D4,18.272742,0.272728
00010,00010.mid,60,C4,18.545470,0.545455
00010,00010.mid,60,C4,19.090925,0.545455
00011,00011.mid,60,C4,0.000000,0.400000
00011,00011.mid,60,C4,0.400000,0.200000
00011,00011.mid,60,C4,0.600000,0.200000
00011,00011.mid,60,C4,0.800000,0.400000
00011,00011.mid,60,C4,1.200000,0.200000
00011,00011.mid,60,C4,1.400000,0.200000
00011,00011.mid,64,E4,1.600000,0.400000
00011,00011.mid,67,G4,2.000000,0.200000
00011,00011.mid,67,G4,2.200000,0.200000
00011,00011.mid,64,E4,2.400000,0.200000
00011,00011.mid,64,E4,2.600000,0.200000
00011,00011.mid,60,C4,2.800000,0.400000
00011,00011.mid,62,D4,3.200000,0.400000
00011,00011.mid,62,D4,3.600000,0.200000
00011,00011.mid,62,D4,3.800000,0.200000
00011,00011.mid,62,D4,4.000000,0.400000
00011,00011.mid,62,D4,4.400000,0.200000
00011,00011.mid,62,D4,4.600000,0.200000
00011,00011.mid,59,B3,4.800000,0.400000
00011,00011.mid,62,D4,5.200000,0.200000
00011,00011.mid,62,D4,5.400000,0.200000
00011,00011.mid,59,B3,5.600000,0.200000
00011,00011.mid,59,B3,5.800000,0.200000
00011,00011.mid,55,G3,6.000000,0.400000
00011,00011.mid,60,C4,6.400000,0.400000
00011,00011.mid,60,C4,6.800000,0.200000
00011,00011.mid,60,C4,7.000000,0.200000
00011,00011.mid,60,C4,7.200000,0.400000
00011,00011.mid,60,C4,7.600000,0.200000
00011,00011.mid,60,C4,7.800000,0.200000
00011,00011.mid,64,E4,8.000000,0.400000
00011,00011.mid,67,G4,8.400000,0.200000
00011,00011.mid,67,G4,8.600000,0.200000
00011,00011.mid,64,E4,8.800000,0.200000
00011,00011.mid,64,E4,9.000000,0.200000
00011,00011.mid,60,C4,9.200000,0.400000
00011,00011.mid,67,G4,9.600000,0.400000
00011,00011.mid,65,F4,10.000000,0.200000
00011,00011.mid,65,F4,10.200000,0.200000
00011,00011.mid,64,E4,10.400000,0.200000
00011,00011.mid,64,E4,10.600000,0.200000
00011,00011.mid,62,D4,10.800000,0.400000
00011,00011.mid,60,C4,11.200000,0.800000
00012,00012.mid,60,C4,0.000000,0.300000
00012,00012.mid,60,C4,0.300000,0.300000
00012,00012.mid,62,D4,0.600000,0.450000
00012,00012.mid,64,E4,1.050000,0.150000
00012,00012.mid,67,G4,1.200000,0.300000
00012,00012.mid,67,G4,1.500000,0.300000
00012,00012.mid,64,E4,1.800000,0.600000
00012,00012.mid,67,G4,2.400000,0.300000
00012,00012.mid,67,G4,2.700000,0.300000
00012,00012.mid,69,A4,3.000000,0.300000
00012,00012.mid,71,B4,3.300000,0.300000
00012,00012.mid,72,C5,3.600000,0.300000
00012,00012.mid,72,C5,3.900000,0.300000
00012,00012.mid,67,G4,4.200000,0.600000
00012,00012.mid,72,C5,4.800000,0.300000
00012,00012.mid,72,C5,5.100000,0.300000
00012,00012.mid,69,A4,5.400000,0.450000
00012,00012.mid,67,G4,5.850000,0.150000
00012,00012.mid,64,E4,6.000000,0.300000
00012,00012.mid,69,A4,6.300000,0.300000
00012,00012.mid,67,G4,6.600000,0.300000
00012,00012.mid,64,E4,6.900000,0.150000
00012,00012.mid,62,D4,7.050000,0.150000
00012,00012.mid,60,C4,7.200000,0.300000
00012,00012.mid,62,D4,7.500000,0.150000
00012,00012.mid,64,E4,7.650000,0.150000
00012,00012.mid,67,G4,7.800000,0.300000
00012,00012.mid,69,A4,8.100000,0.150000
00012,00012.mid,67,G4,8.250000,0.150000
00012,00012.mid,64,E4,8.400000,0.300000
00012,00012.mid,62,D4,8.700000,0.300000
00012,00012.mid,60,C4,9.000000,0.600000
00013,00013.mid,60,C4,0.000000,0.300000
00013,00013.mid,60,C4,0.300000,0.300000
00013,00013.mid,60,C4,0.600000,0.300000
00013,00013.mid,64,E4,0.900000,0.300000
00013,00013.mid,67,G4,1.200000,0.300000
00013,00013.mid,67,G4,1.500000,0.300000
00013,00013.mid,67,G4,1.800000,0.300000
00013,00013.mid,67,G4,2.250000,0.150000
00013,00013.mid,69,A4,2.400000,0.300000
00013,00013.mid,69,A4,2.700000,0.300000
00013,00013.mid,69,A4,3.000000,0.300000
00013,00013.mid,72,C5,3.300000,0.300000
00013,00013.mid,67,G4,3.600000,1.200000
00013,00013.mid,65,F4,4.800000,0.300000
00013,00013.mid,65,F4,5.100000,0.300000
00013,00013.mid,65,F4,5.400000,0.300000
00013,00013.mid,69,A4,5.700000,0.300000
00013,00013.mid,64,E4,6.000000,0.300000
00013,00013.mid,64,E4,6.300000,0.300000
00013,00013.mid,64,E4,6.600000,0.300000
00013,00013.mid,64,E4,6.900000,0.300000
00013,00013.mid,62,D4,7.200000,0.300000
00013,00013.mid,62,D4,7.500000,0.300000
00013,00013.mid,62,D4,7.800000,0.300000
00013,00013.mid,62,D4,8.100000,0.300000
00013,00013.mid,67,G4,8.400000,0.900000
00013,00013.mid,67,G4,9.300000,0.150000
00013,00013.mid,60,C4,9.600000,0.300000
00013,00013.mid,60,C4,9.900000,0.300000
00013,00013.mid,60,C4,10.200000,0.300000
00013,00013.mid,64,E4,10.500000,0.300000
00013,00013.mid,67,G4,10.800000,0.300000
00013,00013.mid,67,G4,11.100000,0.300000
00013,00013.mid,67,G4,11.400000,0.300000
00013,00013.mid,67,G4,11.850000,0.150000
00013,00013.mid,69,A4,12.000000,0.300000
00013,00013.mid,69,A4,12.300000,0.300000
00013,00013.mid,69,A4,12.600000,0.300000
00013,00013.mid,72,C5,12.900000,0.300000
00013,00013.mid,67,G4,13.200000,1.200000
00013,00013.mid,65,F4,14.400000,0.300000
00013,00013.mid,65,F4,14.700000,0.300000
00013,00013.mid,65,F4,15.000000,0.300000
00013,00013.mid,69,A4,15.300000,0.300000
00013,00013.mid,64,E4,15.600000,0.150000
00013,00013.mid,64,E4,15.750000,0.150000
00013,00013.mid,64,E4,15.900000,0.150000
00013,00013.mid,64,E4,16.050000,0.150000
00013,00013.mid,64,E4,16.200000,0.450000
00013,00013.mid,64,E4,16.650000,0.150000
00013,00013.mid,62,D4,16.800000,0.300000
00013,00013.mid,62,D4,17.100000,0.300000
00013,00013.mid,62,D4,17.400000,0.300000
00013,00013.mid,64,E4,17.700000,0.300000
00013,00013.mid,60,C4,18.000000,1.200000
00014,00014.mid,60,C4,0.000000,0.500000
00014,00014.mid,60,C4,0.500000,0.500000
00014,00014.mid,67,G4,1.000000,0.500000
00014,00014.mid,67,G4,1.500000,0.500000
00014,00014.mid,69,A4,2.000000,0.500000
00014,00014.mid,69,A4,2.500000,0.500000
00014,00014.mid,67,G4,3.000000,1.000000
00014,00014.mid,65,F4,4.000000,0.500000
00014,00014.mid,65,F4,4.500000,0.500000
00014,00014.mid,64,E4,5.000000,0.500000
00014,00014.mid,64,E4,5.500000,0.500000
00014,00014.mid,62,D4,6.000000,0.500000
00014,00014.mid,62,D4,6.500000,0.500000
00014,00014.mid,60,C4,7.000000,1.000000
00014,00014.mid,67,G4,8.000000,0.500000
00014,00014.mid,67,G4,8.500000,0.500000
00014,00014.mid,65,F4,9.000000,0.500000
00014,00014.mid,65,F4,9.500000,0.500000
00014,00014.mid,64,E4,10.000000,0.500000
00014,00014.mid,64,E4,10.500000,0.500000
00014,00014.mid,62,D4,11.000000,1.000000
00014,00014.mid,67,G4,12.000000,0.500000
00014,00014.mid,67,G4,12.500000,0.500000
00014,00014.mid,65,F4,13.000000,0.500000
00014,00014.mid,65,F4,13.500000,0.500000
00014,00014.mid,64,E4,14.000000,0.500000
00014,00014.mid,64,E4,14.500000,0.500000
00014,00014.mid,62,D4,15.000000,1.000000
00014,00014.mid,60,C4,16.000000,0.500000
00014,00014.mid,60,C4,16.500000,0.500000
00014,00014.mid,67,G4,17.000000,0.500000
00014,00014.mid,67,G4,17.500000,0.500000
00014,00014.mid,69,A4,18.000000,0.500000
00014,00014.mid,69,A4,18.500000,0.500000
00014,00014.mid,67,G4,19.000000,1.000000
00014,00014.mid,65,F4,20.000000,0.500000
00014,00014.mid,65,F4,20.500000,0.500000
00014,00014.mid,64,E4,21.000000,0.500000
00014,00014.mid,64,E4,21.500000,0.500000
00014,00014.mid,62,D4,22.000000,0.500000
00014,00014.mid,62,D4,22.500000,0.500000
00014,00014.mid,60,C4,23.000000,1.000000
00015,00015.mid,64,E4,0.000000,0.352941
00015,00015.mid,67,G4,0.352941,0.352941
00015,00015.mid,67,G4,0.705882,0.705882
00015,00015.mid,65,F4,1.411764,0.352941
00015,00015.mid,69,A4,1.764705,0.352941
00015,00015.mid,69,A4,2.117646,0.705882
00015,00015.mid,71,B4,2.823528,0.352941
00015,00015.mid,71,B4,3.176469,0.176470
00015,00015.mid,71,B4,3.352939,0.176471
00015,00015.mid,69,A4,3.529410,0.352941
00015,00015.mid,71,B4,3.882351,0.352941
00015,00015.mid,72,C5,4.235292,0.352941
00015,00015.mid,74,D5,4.588233,0.352941
00015,00015.mid,76,E5,4.941174,0.705882
00015,00015.mid,64,E4,5.647056,0.352941
00015,00015.mid,67,G4,5.999997,0.352941
00015,00015.mid,67,G4,6.352938,0.705882
00015,00015.mid,65,F4,7.058820,0.352941
00015,00015.mid,69,A4,7.411761,0.352941
00015,00015.mid,69,A4,7.764702,0.705882
00015,00015.mid,71,B4,8.470584,0.352941
00015,00015.mid,71,B4,8.823525,0.176470
00015,00015.mid,71,B4,8.999995,0.176471
00015,00015.mid,69,A4,9.176466,0.352941
00015,00015.mid,71,B4,9.529407,0.352941
00015,00015.mid,72,C5,9.882348,0.352941
00015,00015.mid,76,E5,10.235289,0.352941
00015,00015.mid,72,C5,10.588230,0.705882
00016,00016.mid,69,A4,0.000000,0.250000
00016,00016.mid,69,A4,0.250000,0.250000
00016,00016.mid,66,F#4,0.500000,0.250000
00016,00016.mid,62,D4,0.750000,0.250000
00016,00016.mid,69,A4,1.000000,0.250000
00016,00016.mid,69,A4,1.250000,0.250000
00016,00016.mid,66,F#4,1.500000,0.250000
00016,00016.mid,62,D4,1.750000,0.250000
00016,00016.mid,64,E4,2.000000,0.250000
00016,00016.mid,66,F#4,2.250000,0.250000
00016,00016.mid,67,G4,2.500000,0.250000
00016,00016.mid,67,G4,2.750000,0.250000
00016,00016.mid,66,F#4,3.000000,0.250000
00016,00016.mid,67,G4,3.250000,0.250000
00016,00016.mid,69,A4,3.500000,0.250000
00016,00016.mid,69,A4,3.750000,0.250000
00016,00016.mid,69,A4,4.000000,0.250000
00016,00016.mid,66,F#4,4.250000,0.250000
00016,00016.mid,69,A4,4.500000,0.250000
00016,00016.mid,66,F#4,4.750000,0.250000
00016,00016.mid,64,E4,5.000000,0.250000
00016,00016.mid,66,F#4,5.250000,0.250000
00016,00016.mid,62,D4,5.500000,0.375000
00016,00016.mid,67,G4,6.000000,0.250000
00016,00016.mid,64,E4,6.250000,0.250000
00016,00016.mid,64,E4,6.500000,0.250000
00016,00016.mid,64,E4,6.750000,0.250000
00016,00016.mid,66,F#4,7.000000,0.250000
00016,00016.mid,62,D4,7.250000,0.250000
00016,00016.mid,62,D4,7.500000,0.250000
00016,00016.mid,62,D4,7.750000,0.250000
00016,00016.mid,64,E4,8.000000,0.250000
00016,00016.mid,66,F#4,8.250000,0.250000
00016,00016.mid,67,G4,8.500000,0.250000
00016,00016.mid,64,E4,8.750000,0.250000
00016,00016.mid,62,D4,9.000000,0.250000
00016,00016.mid,61,C#4,9.250000,0.250000
00016,00016.mid,62,D4,9.500000,0.500000
00017,00017.mid,60,C4,0.000000,0.363636
00017,00017.mid,60,C4,0.363636,0.363636
00017,00017.mid,60,C4,0.727272,0.363636
00017,00017.mid,55,G3,1.090908,0.363636
00017,00017.mid,57,A3,1.454544,0.363636
00017,00017.mid,57,A3,1.818180,0.363636
00017,00017.mid,55,G3,2.181816,0.727272
00017,00017.mid,64,E4,2.909088,0.363636
00017,00017.mid,64,E4,3.272724,0.363636
00017,00017.mid,62,D4,3.636360,0.363636
00017,00017.mid,62,D4,3.999996,0.363636
00017,00017.mid,60,C4,4.363632,1.090908
00017,00017.mid,55,G3,5.454540,0.363636
00017,00017.mid,60,C4,5.818176,0.363636
00017,00017.mid,60,C4,6.181812,0.363636
00017,00017.mid,60,C4,6.545448,0.363636
00017,00017.mid,55,G3,6.909084,0.363636
00017,00017.mid,57,A3,7.272720,0.363636
00017,00017.mid,57,A3,7.636356,0.363636
00017,00017.mid,55,G3,7.999992,0.727272
00017,00017.mid,64,E4,8.727264,0.363636
00017,00017.mid,64,E4,9.090900,0.363636
00017,00017.mid,62,D4,9.454536,0.363636
00017,00017.mid,62,D4,9.818172,0.363636
00017,00017.mid,60,C4,10.181808,1.090908
00017,00017.mid,55,G3,11.272716,0.363636
00017,00017.mid,60,C4,11.636352,0.363636
00017,00017.mid,60,C4,11.999988,0.363636
00017,00017.mid,60,C4,12.363624,0.727272
00017,00017.mid,60,C4,13.090896,0.363636
00017,00017.mid,60,C4,13.454532,0.363636
00017,00017.mid,60,C4,13.818168,0.727272
00017,00017.mid,60,C4,14.545440,0.363636
00017,00017.mid,60,C4,14.909076,0.363636
00017,00017.mid,60,C4,15.272712,0.363636
00017,00017.mid,60,C4,15.636348,0.363636
00017,00017.mid,60,C4,15.999984,0.363636
00017,00017.mid,60,C4,16.363620,0.363636
00017,00017.mid,60,C4,16.727256,0.363636
00017,00017.mid,55,G3,17.090892,0.363636
00017,00017.mid,60,C4,17.454528,0.363636
00017,00017.mid,60,C4,17.818164,0.363636
00017,00017.mid,60,C4,18.181800,0.363636
00017,00017.mid,55,G3,18.545436,0.363636
00017,00017.mid,57,A3,18.909072,0.363636
00017,00017.mid,57,A3,19.272708,0.363636
00017,00017.mid,55,G3,19.636344,0.727272
00017,00017.mid,64,E4,20.363616,0.363636
00017,00017.mid,64,E4,20.727252,0.363636
00017,00017.mid,62,D4,21.090888,0.363636
00017,00017.mid,62,D4,21.454524,0.363636
00017,00017.mid,60,C4,21.818160,1.454544
00018,00018.mid,69,A4,0.000000,0.900000
00018,00018.mid,67,G4,0.900000,0.300000
00018,00018.mid,64,E4,1.200000,0.600000
00018,00018.mid,67,G4,1.800000,0.600000
00018,00018.mid,72,C5,2.400000,0.600000
00018,00018.mid,69,A4,3.000000,0.300000
00018,00018.mid,67,G4,3.300000,0.300000
00018,00018.mid,69,A4,3.600000,1.200000
00018,00018.mid,64,E4,4.800000,0.600000
00018,00018.mid,67,G4,5.400000,0.300000
00018,00018.mid,69,A4,5.700000,0.300000
00018,00018.mid,67,G4,6.000000,0.600000
00018,00018.mid,64,E4,6.600000,0.600000
00018,00018.mid,60,C4,7.200000,0.300000
00018,00018.mid,57,A3,7.500000,0.300000
00018,00018.mid,67,G4,7.800000,0.300000
00018,00018.mid,64,E4,8.100000,0.300000
00018,00018.mid,62,D4,8.400000,1.200000
00018,00018.mid,62,D4,9.600000,0.900000
00018,00018.mid,64,E4,10.500000,0.300000
00018,00018.mid,67,G4,10.800000,0.600000
00018,00018.mid,69,A4,11.400000,0.300000
00018,00018.mid,69,A4,11.700000,0.300000
00018,00018.mid,64,E4,12.000000,0.900000
00018,00018.mid,62,D4,12.900000,0.300000
00018,00018.mid,60,C4,13.200000,1.200000
00018,00018.mid,67,G4,14.400000,0.900000
00018,00018.mid,64,E4,15.300000,0.300000
00018,00018.mid,62,D4,15.600000,0.300000
00018,00018.mid,60,C4,15.900000,0.300000
00018,00018.mid,57,A3,16.200000,0.300000
00018,00018.mid,60,C4,16.500000,0.300000
00018,00018.mid,55,G3,16.800000,1.800000
00019,00019.mid,72,C5,0.000000,0.375000
00019,00019.mid,72,C5,0.375000,0.375000
00019,00019.mid,67,G4,0.750000,0.375000
00019,00019.mid,67,G4,1.125000,0.375000
00019,00019.mid,69,A4,1.500000,0.375000
00019,00019.mid,69,A4,1.875000,0.375000
00019,00019.mid,67,G4,2.250000,0.750000
00019,00019.mid,64,E4,3.000000,0.375000
00019,00019.mid,67,G4,3.375000,0.375000
00019,00019.mid,72,C5,3.750000,0.375000
00019,00019.mid,69,A4,4.125000,0.375000
00019,00019.mid,67,G4,4.500000,1.500000
00019,00019.mid,69,A4,6.000000,0.750000
00019,00019.mid,67,G4,6.750000,0.750000
00019,00019.mid,64,E4,7.500000,0.375000
00019,00019.mid,69,A4,7.875000,0.375000
00019,00019.mid,67,G4,8.250000,0.750000
00019,00019.mid,64,E4,9.000000,0.750000
00019,00019.mid,67,G4,9.750000,0.750000
00019,00019.mid,64,E4,10.500000,0.375000
00019,00019.mid,62,D4,10.875000,0.375000
00019,00019.mid,60,C4,11.250000,0.750000
00019,00019.mid,64,E4,12.000000,0.375000
00019,00019.mid,64,E4,12.375000,0.375000
00019,00019.mid,67,G4,12.750000,0.375000
00019,00019.mid,67,G4,13.125000,0.375000
00019,00019.mid,69,A4,13.500000,0.375000
00019,00019.mid,69,A4,13.875000,0.375000
00019,00019.mid,67,G4,14.250000,0.375000
00019,00019.mid,67,G4,14.625000,0.281250
00019,00019.mid,74,D5,15.000000,0.562500
00019,00019.mid,72,C5,15.562500,0.187500
00019,00019.mid,69,A4,15.750000,0.375000
00019,00019.mid,67,G4,16.125000,0.375000
00019,00019.mid,69,A4,16.500000,0.375000
00019,00019.mid,72,C5,16.875000,0.375000
00019,00019.mid,67,G4,17.250000,0.750000
00019,00019.mid,69,A4,18.000000,0.375000
00019,00019.mid,69,A4,18.375000,0.187500
00019,00019.mid,67,G4,18.562500,0.187500
00019,00019.mid,69,A4,18.750000,0.375000
00019,00019.mid,72,C5,19.125000,0.375000
00019,00019.mid,67,G4,19.500000,1.500000
00019,00019.mid,69,A4,21.000000,0.375000
00019,00019.mid,69,A4,21.375000,0.187500
00019,00019.mid,67,G4,21.562500,0.187500
00019,00019.mid,69,A4,21.750000,0.375000
00019,00019.mid,74,D5,22.125000,0.375000
00019,00019.mid,72,C5,22.500000,1.500000
00020,00020.mid,60,C4,1.200000,0.450000
00020,00020.mid,60,C4,1.650000,0.150000
00020,00020.mid,62,D4,1.800000,0.600000
00020,00020.mid,60,C4,2.400000,0.600000
00020,00020.mid,65,F4,3.000000,0.600000
00020,00020.mid,64,E4,3.600000,1.200000
00020,00020.mid,60,C4,4.800000,0.450000
00020,00020.mid,60,C4,5.250000,0.150000
00020,00020.mid,62,D4,5.400000,0.600000
00020,00020.mid,60,C4,6.000000,0.600000
00020,00020.mid,67,G4,6.600000,0.600000
00020,00020.mid,65,F4,7.200000,1.200000
00020,00020.mid,60,C4,8.400000,0.450000
00020,00020.mid,60,C4,8.850000,0.150000
00020,00020.mid,72,C5,9.000000,0.600000
00020,00020.mid,69,A4,9.600000,0.600000
00020,00020.mid,65,F4,10.200000,0.600000
00020,00020.mid,64,E4,10.800000,0.600000
00020,00020.mid,62,D4,11.400000,1.200000
00020,00020.mid,70,A#4,13.800000,0.450000
00020,00020.mid,70,A#4,14.250000,0.150000
00020,00020.mid,69,A4,14.400000,0.600000
00020,00020.mid,65,F4,15.000000,0.600000
00020,00020.mid,67,G4,15.600000,0.600000
00020,00020.mid,65,F4,16.200000,1.200000
00021,00021.mid,58,A#3,0.000000,0.500000
00021,00021.mid,58,A#3,0.500000,0.500000
00021,00021.mid,58,A#3,1.000000,0.250000
00021,00021.mid,63,D#4,1.250000,0.250000
00021,00021.mid,67,G4,1.500000,0.250000
00021,00021.mid,70,A#4,1.750000,0.250000
00021,00021.mid,70,A#4,2.000000,1.000000
00021,00021.mid,68,G#4,3.000000,1.000000
00021,00021.mid,67,G4,4.000000,0.500000
00021,00021.mid,67,G4,4.500000,0.500000
00021,00021.mid,67,G4,5.000000,0.250000
00021,00021.mid,65,F4,5.250000,0.250000
00021,00021.mid,63,D#4,5.500000,0.250000
00021,00021.mid,62,D4,5.750000,0.250000
00021,00021.mid,60,C4,6.000000,2.000000
00021,00021.mid,60,C4,8.000000,0.500000
00021,00021.mid,60,C4,8.500000,0.500000
00021,00021.mid,60,C4,9.000000,0.250000
00021,00021.mid,62,D4,9.250000,0.250000
00021,00021.mid,63,D#4,9.500000,0.250000
00021,00021.mid,65,F4,9.750000,0.250000
00021,00021.mid,65,F4,10.000000,1.000000
00021,00021.mid,58,A#3,11.000000,1.000000
00021,00021.mid,58,A#3,12.000000,0.500000
00021,00021.mid,58,A#3,12.500000,0.500000
00021,00021.mid,60,C4,13.000000,0.250000
00021,00021.mid,62,D4,13.250000,0.250000
00021,00021.mid,63,D#4,13.500000,0.250000
00021,00021.mid,65,F4,13.750000,0.250000
00021,00021.mid,67,G4,14.000000,2.000000
00021,00021.mid,70,A#4,16.000000,0.500000
00021,00021.mid,70,A#4,16.500000,0.500000
00021,00021.mid,72,C5,17.000000,0.250000
00021,00021.mid,70,A#4,17.250000,0.250000
00021,00021.mid,68,G#4,17.500000,0.250000
00021,00021.mid,67,G4,17.750000,0.250000
00021,00021.mid,67,G4,18.000000,1.000000
00021,00021.mid,60,C4,19.000000,1.000000
00021,00021.mid,68,G#4,20.000000,0.500000
00021,00021.mid,68,G#4,20.500000,0.500000
00021,00021.mid,67,G4,21.000000,0.250000
00021,00021.mid,65,F4,21.250000,0.250000
00021,00021.mid,67,G4,21.500000,0.250000
00021,00021.mid,70,A#4,21.750000,0.250000
00021,00021.mid,65,F4,22.000000,2.000000
00021,00021.mid,63,D#4,24.000000,0.500000
00021,00021.mid,63,D#4,24.500000,0.500000
00021,00021.mid,63,D#4,25.000000,0.250000
00021,00021.mid,62,D4,25.250000,0.250000
00021,00021.mid,60,C4,25.500000,0.250000
00021,00021.mid,58,A#3,25.750000,0.250000
00021,00021.mid,70,A#4,26.000000,1.000000
00021,00021.mid,68,G#4,27.000000,1.000000
00021,00021.mid,58,A#3,28.000000,0.500000
00021,00021.mid,58,A#3,28.500000,0.500000
00021,00021.mid,58,A#3,29.000000,0.250000
00021,00021.mid,68,G#4,29.250000,0.250000
00021,00021.mid,67,G4,29.500000,0.250000
00021,00021.mid,65,F4,29.750000,0.250000
00021,00021.mid,63,D#4,30.000000,2.000000
00022,00022.mid,60,C4,0.000000,0.400000
00022,00022.mid,62,D4,0.400000,0.400000
00022,00022.mid,64,E4,0.800000,0.400000
00022,00022.mid,60,C4,1.200000,0.400000
00022,00022.mid,60,C4,1.600000,0.400000
00022,00022.mid,62,D4,2.000000,0.400000
00022,00022.mid,64,E4,2.400000,0.400000
00022,00022.mid,60,C4,2.800000,0.400000
00022,00022.mid,64,E4,3.200000,0.400000
00022,00022.mid,65,F4,3.600000,0.400000
00022,00022.mid,67,G4,4.000000,0.600000
00022,00022.mid,64,E4,4.800000,0.400000
00022,00022.mid,65,F4,5.200000,0.400000
00022,00022.mid,67,G4,5.600000,0.600000
00022,00022.mid,67,G4,6.400000,0.200000
00022,00022.mid,69,A4,6.600000,0.200000
00022,00022.mid,67,G4,6.800000,0.200000
00022,00022.mid,65,F4,7.000000,0.200000
00022,00022.mid,64,E4,7.200000,0.400000
00022,00022.mid,60,C4,7.600000,0.400000
00022,00022.mid,67,G4,8.000000,0.200000
00022,00022.mid,69,A4,8.200000,0.200000
00022,00022.mid,67,G4,8.400000,0.200000
00022,00022.mid,65,F4,8.600000,0.200000
00022,00022.mid,64,E4,8.800000,0.400000
00022,00022.mid,60,C4,9.200000,0.400000
00022,00022.mid,60,C4,9.600000,0.400000
00022,00022.mid,55,G3,10.000000,0.400000
00022,00022.mid,60,C4,10.400000,0.600000
00022,00022.mid,60,C4,11.200000,0.400000
00022,00022.mid,55,G3,11.600000,0.400000
00022,00022.mid,60,C4,12.000000,0.600000
00023,00023.mid,60,C4,0.000000,0.218750
00023,00023.mid,61,C#4,0.218750,0.218750
00023,00023.mid,63,D#4,0.437500,0.421875
00023,00023.mid,63,D#4,0.859375,0.421875
00023,00023.mid,63,D#4,1.281250,0.421875
00023,00023.mid,63,D#4,1.703125,0.218750
00023,00023.mid,63,D#4,1.921875,0.218750
00023,00023.mid,65,F4,2.140625,0.218750
00023,00023.mid,63,D#4,2.359375,0.218750
00023,00023.mid,61,C#4,2.578125,0.828125
00023,00023.mid,60,C4,3.406250,0.218750
00023,00023.mid,61,C#4,3.625000,0.218750
00023,00023.mid,63,D#4,3.843750,0.421875
00023,00023.mid,63,D#4,4.265625,0.421875
00023,00023.mid,60,C4,4.687500,0.218750
00023,00023.mid,58,A#3,4.906250,0.218750
00023,00023.mid,56,G#3,5.125000,0.421875
00023,00023.mid,58,A#3,5.546875,1.234375
00023,00023.mid,60,C4,6.781250,0.218750
00023,00023.mid,58,A#3,7.000000,0.218750
00023,00023.mid,56,G#3,7.218750,0.218750
00023,00023.mid,56,G#3,7.437500,0.218750
00023,00023.mid,56,G#3,7.656250,0.421875
00023,00023.mid,68,G#4,8.078125,0.218750
00023,00023.mid,68,G#4,8.296875,0.625000
00023,00023.mid,67,G4,8.921875,0.218750
00023,00023.mid,68,G#4,9.140625,0.218750
00023,00023.mid,67,G4,9.359375,0.218750
00023,00023.mid,63,D#4,9.578125,1.031250
00023,00023.mid,65,F4,10.609375,0.218750
00023,00023.mid,63,D#4,10.828125,0.218750
00023,00023.mid,61,C#4,11.046875,0.218750
00023,00023.mid,61,C#4,11.265625,0.421875
00023,00023.mid,63,D#4,11.687500,0.218750
00023,00023.mid,65,F4,11.906250,0.421875
00023,00023.mid,63,D#4,12.328125,1.640625
00023,00023.mid,68,G#4,13.968750,0.421875
00023,00023.mid,68,G#4,14.390625,0.828125
00023,00023.mid,65,F4,15.218750,0.218750
00023,00023.mid,60,C4,15.437500,0.218750
00023,00023.mid,63,D#4,15.656250,0.218750
00023,00023.mid,65,F4,15.875000,0.218750
00023,00023.mid,63,D#4,16.093750,1.234375
00023,00023.mid,65,F4,17.328125,0.421875
00023,00023.mid,65,F4,17.750000,0.421875
00023,00023.mid,63,D#4,18.171875,0.218750
00023,00023.mid,56,G#3,18.390625,0.421875
00023,00023.mid,58,A#3,18.812500,0.218750
00023,00023.mid,60,C4,19.031250,1.234375
00023,00023.mid,58,A#3,20.265625,0.421875
00023,00023.mid,56,G#3,20.687500,0.421875
00023,00023.mid,56,G#3,21.109375,0.421875
00023,00023.mid,56,G#3,21.531250,0.218750
00023,00023.mid,60,C4,21.750000,0.421875
00023,00023.mid,60,C4,22.171875,0.218750
00023,00023.mid,60,C4,22.390625,0.218750
00023,00023.mid,58,A#3,22.609375,0.218750
00023,00023.mid,58,A#3,22.828125,0.828125
00023,00023.mid,58,A#3,23.656250,0.421875
00023,00023.mid,70,A#4,24.078125,0.421875
00023,00023.mid,70,A#4,24.500000,0.421875
00023,00023.mid,67,G4,24.921875,0.421875
00023,00023.mid,65,F4,25.343750,0.421875
00023,00023.mid,63,D#4,25.765625,2.640625
00023,00023.mid,60,C4,28.625000,0.218750
00023,00023.mid,61,C#4,28.843750,0.218750
00023,00023.mid,63,D#4,29.062500,0.421875
00023,00023.mid,63,D#4,29.484375,0.421875
00023,00023.mid,63,D#4,29.906250,0.421875
00023,00023.mid,63,D#4,30.328125,0.218750
00023,00023.mid,63,D#4,30.546875,0.218750
00023,00023.mid,65,F4,30.765625,0.218750
00023,00023.mid,63,D#4,30.984375,0.218750
00023,00023.mid,61,C#4,31.203125,0.828125
00023,00023.mid,60,C4,32.031250,0.218750
00023,00023.mid,61,C#4,32.250000,0.218750
00023,00023.mid,63,D#4,32.468750,0.421875
00023,00023.mid,63,D#4,32.890625,0.421875
00023,00023.mid,60,C4,33.312500,0.218750
00023,00023.mid,58,A#3,33.531250,0.218750
00023,00023.mid,56,G#3,33.750000,0.421875
00023,00023.mid,58,A#3,34.171875,1.234375
00023,00023.mid,60,C4,35.406250,0.218750
00023,00023.mid,58,A#3,35.625000,0.218750
00023,00023.mid,56,G#3,35.843750,0.218750
00023,00023.mid,56,G#3,36.062500,0.218750
00023,00023.mid,56,G#3,36.281250,0.421875
00023,00023.mid,68,G#4,36.703125,0.218750
00023,00023.mid,68,G#4,36.921875,0.625000
00023,00023.mid,67,G4,37.546875,0.218750
00023,00023.mid,67,G4,37.765625,0.421875
00023,00023.mid,68,G#4,38.187500,0.218750
00023,00023.mid,67,G4,38.406250,0.218750
00023,00023.mid,65,F4,38.625000,0.218750
00023,00023.mid,63,D#4,38.843750,0.421875
00023,00023.mid,65,F4,39.265625,0.218750
00023,00023.mid,63,D#4,39.484375,0.218750
00023,00023.mid,61,C#4,39.703125,0.218750
00023,00023.mid,61,C#4,39.921875,0.421875
00023,00023.mid,63,D#4,40.343750,0.218750
00023,00023.mid,65,F4,40.562500,0.421875
00023,00023.mid,63,D#4,40.984375,1.640625
00023,00023.mid,68,G#4,42.625000,0.421875
00023,00023.mid,68,G#4,43.046875,0.828125
00023,00023.mid,65,F4,43.875000,0.218750
00023,00023.mid,60,C4,44.093750,0.218750
00023,00023.mid,63,D#4,44.312500,0.218750
00023,00023.mid,65,F4,44.531250,0.218750
00023,00023.mid,63,D#4,44.750000,1.234375
00023,00023.mid,65,F4,45.984375,0.421875
00023,00023.mid,65,F4,46.406250,0.421875
00023,00023.mid,63,D#4,46.828125,0.218750
00023,00023.mid,56,G#3,47.046875,0.421875
00023,00023.mid,58,A#3,47.468750,0.218750
00023,00023.mid,60,C4,47.687500,1.234375
00023,00023.mid,58,A#3,48.921875,0.421875
00023,00023.mid,56,G#3,49.343750,0.421875
00023,00023.mid,56,G#3,49.765625,0.421875
00023,00023.mid,56,G#3,50.187500,0.218750
00023,00023.mid,60,C4,50.406250,0.421875
00023,00023.mid,60,C4,50.828125,0.218750
00023,00023.mid,60,C4,51.046875,0.218750
00023,00023.mid,58,A#3,51.265625,0.218750
00023,00023.mid,58,A#3,51.484375,0.828125
00023,00023.mid,65,F4,52.312500,0.218750
00023,00023.mid,63,D#4,52.531250,0.218750
00023,00023.mid,63,D#4,52.750000,0.625000
00023,00023.mid,60,C4,53.375000,0.218750
00023,00023.mid,58,A#3,53.593750,0.218750
00023,00023.mid,51,D#3,53.812500,0.218750
00023,00023.mid,60,C4,54.031250,0.218750
00023,00023.mid,58,A#3,54.250000,0.218750
00023,00023.mid,56,G#3,54.468750,3.265625
00023,00023.mid,65,F4,57.734375,0.218750
00023,00023.mid,65,F4,57.953125,0.218750
00023,00023.mid,65,F4,58.171875,0.218750
00023,00023.mid,67,G4,58.390625,0.218750
00023,00023.mid,68,G#4,58.609375,0.218750
00023,00023.mid,67,G4,58.828125,0.218750
00023,00023.mid,65,F4,59.046875,0.421875
00023,00023.mid,67,G4,59.468750,0.218750
00023,00023.mid,67,G4,59.687500,0.421875
00023,00023.mid,68,G#4,60.109375,0.218750
00023,00023.mid,70,A#4,60.328125,0.218750
00023,00023.mid,68,G#4,60.546875,0.218750
00023,00023.mid,67,G4,60.765625,0.421875
00023,00023.mid,68,G#4,61.187500,0.218750
00023,00023.mid,67,G4,61.406250,0.218750
00023,00023.mid,65,F4,61.625000,0.218750
00023,00023.mid,63,D#4,61.843750,0.421875
00023,00023.mid,63,D#4,62.265625,0.218750
00023,00023.mid,56,G#3,62.484375,0.218750
00023,00023.mid,58,A#3,62.703125,0.218750
00023,00023.mid,60,C4,62.921875,1.640625
00023,00023.mid,60,C4,64.562500,0.421875
00023,00023.mid,67,G4,64.984375,0.218750
00023,00023.mid,67,G4,65.203125,0.421875
00023,00023.mid,60,C4,65.625000,0.421875
00023,00023.mid,60,C4,66.046875,0.218750
00023,00023.mid,70,A#4,66.265625,0.421875
00023,00023.mid,70,A#4,66.687500,0.421875
00023,00023.mid,68,G#4,67.109375,0.218750
00023,00023.mid,67,G4,67.328125,0.625000
00023,00023.mid,65,F4,67.953125,3.265625
00023,00023.mid,65,F4,71.218750,0.218750
00023,00023.mid,65,F4,71.437500,0.218750
00023,00023.mid,65,F4,71.656250,0.218750
00023,00023.mid,67,G4,71.875000,0.218750
00023,00023.mid,68,G#4,72.093750,0.421875
00023,00023.mid,65,F4,72.515625,0.421875
00023,00023.mid,67,G4,72.937500,0.218750
00023,00023.mid,67,G4,73.156250,0.421875
00023,00023.mid,68,G#4,73.578125,0.218750
00023,00023.mid,70,A#4,73.796875,0.421875
00023,00023.mid,67,G4,74.218750,0.218750
00023,00023.mid,67,G4,74.437500,0.218750
00023,00023.mid,72,C5,74.656250,1.234375
00023,00023.mid,70,A#4,75.890625,0.218750
00023,00023.mid,68,G#4,76.109375,0.218750
00023,00023.mid,68,G#4,76.328125,1.234375
00023,00023.mid,67,G4,77.562500,0.421875
00023,00023.mid,65,F4,77.984375,0.421875
00023,00023.mid,65,F4,78.406250,0.421875
00023,00023.mid,65,F4,78.828125,0.218750
00023,00023.mid,65,F4,79.046875,0.406250
00023,00023.mid,63,D#4,79.671875,0.421875
00023,00023.mid,63,D#4,80.093750,0.421875
00023,00023.mid,58,A#3,80.515625,0.218750
00023,00023.mid,60,C4,80.734375,0.625000
00023,00023.mid,56,G#3,81.359375,2.437500
00023,00023.mid,60,C4,84.218750,0.218750
00023,00023.mid,61,C#4,84.437500,0.218750
00023,00023.mid,63,D#4,84.656250,0.421875
00023,00023.mid,63,D#4,85.078125,0.421875
00023,00023.mid,63,D#4,85.500000,0.421875
00023,00023.mid,63,D#4,85.921875,0.218750
00023,00023.mid,63,D#4,86.140625,0.218750
00023,00023.mid,65,F4,86.359375,0.218750
00023,00023.mid,63,D#4,86.578125,0.218750
00023,00023.mid,61,C#4,86.796875,0.828125
00023,00023.mid,60,C4,87.625000,0.218750
00023,00023.mid,61,C#4,87.843750,0.218750
00023,00023.mid,63,D#4,88.062500,0.421875
00023,00023.mid,63,D#4,88.484375,0.421875
00023,00023.mid,60,C4,88.906250,0.218750
00023,00023.mid,58,A#3,89.125000,0.218750
00023,00023.mid,56,G#3,89.343750,0.421875
00023,00023.mid,58,A#3,89.765625,1.234375
00023,00023.mid,60,C4,91.000000,0.218750
00023,00023.mid,58,A#3,91.218750,0.218750
00023,00023.mid,56,G#3,91.437500,0.218750
00023,00023.mid,56,G#3,91.656250,0.218750
00023,00023.mid,56,G#3,91.875000,0.421875
00023,00023.mid,68,G#4,92.296875,0.218750
00023,00023.mid,68,G#4,92.515625,0.625000
00023,00023.mid,67,G4,93.140625,0.218750
00023,00023.mid,67,G4,93.359375,0.421875
00023,00023.mid,68,G#4,93.781250,0.218750
00023,00023.mid,67,G4,94.000000,0.218750
00023,00023.mid,65,F4,94.218750,0.218750
00023,00023.mid,63,D#4,94.437500,0.421875
00023,00023.mid,65,F4,94.859375,0.218750
00023,00023.mid,63,D#4,95.078125,0.218750
00023,00023.mid,61,C#4,95.296875,0.218750
00023,00023.mid,61,C#4,95.515625,0.421875
00023,00023.mid,63,D#4,95.937500,0.218750
00023,00023.mid,65,F4,96.156250,0.421875
00023,00023.mid,63,D#4,96.578125,1.640625
00023,00023.mid,68,G#4,98.218750,0.421875
00023,00023.mid,68,G#4,98.640625,0.828125
00023,00023.mid,65,F4,99.468750,0.218750
00023,00023.mid,60,C4,99.687500,0.218750
00023,00023.mid,63,D#4,99.906250,0.218750
00023,00023.mid,65,F4,100.125000,0.218750
00023,00023.mid,63,D#4,100.343750,1.234375
00023,00023.mid,65,F4,101.578125,0.421875
00023,00023.mid,65,F4,102.000000,0.421875
00023,00023.mid,63,D#4,102.421875,0.218750
00023,00023.mid,56,G#3,102.640625,0.421875
00023,00023.mid,58,A#3,103.062500,0.218750
00023,00023.mid,60,C4,103.281250,1.234375
00023,00023.mid,58,A#3,104.515625,0.421875
00023,00023.mid,56,G#3,104.937500,0.421875
00023,00023.mid,56,G#3,105.359375,0.421875
00023,00023.mid,56,G#3,105.781250,0.218750
00023,00023.mid,60,C4,106.000000,0.421875
00023,00023.mid,60,C4,106.421875,0.218750
00023,00023.mid,60,C4,106.640625,0.218750
00023,00023.mid,58,A#3,106.859375,0.218750
00023,00023.mid,58,A#3,107.078125,0.828125
00023,00023.mid,65,F4,107.906250,0.218750
00023,00023.mid,63,D#4,108.125000,0.218750
00023,00023.mid,63,D#4,108.343750,0.625000
00023,00023.mid,60,C4,108.968750,0.218750
00023,00023.mid,58,A#3,109.187500,0.218750
00023,00023.mid,51,D#3,109.406250,0.218750
00023,00023.mid,60,C4,109.625000,0.218750
00023,00023.mid,58,A#3,109.843750,0.218750
00023,00023.mid,56,G#3,110.062500,3.265625
00023,00023.mid,65,F4,113.328125,0.218750
00023,00023.mid,65,F4,113.546875,0.218750
00023,00023.mid,65,F4,113.765625,0.218750
00023,00023.mid,67,G4,113.984375,0.218750
00023,00023.mid,68,G#4,114.203125,0.218750
00023,00023.mid,67,G4,114.421875,0.218750
00023,00023.mid,65,F4,114.640625,0.421875
00023,00023.mid,67,G4,115.062500,0.218750
00023,00023.mid,67,G4,115.281250,0.421875
00023,00023.mid,68,G#4,115.703125,0.218750
00023,00023.mid,70,A#4,115.921875,0.218750
00023,00023.mid,68,G#4,116.140625,0.218750
00023,00023.mid,67,G4,116.359375,0.421875
00023,00023.mid,68,G#4,116.781250,0.218750
00023,00023.mid,67,G4,117.000000,0.218750
00023,00023.mid,65,F4,117.218750,0.218750
00023,00023.mid,63,D#4,117.437500,0.421875
00023,00023.mid,63,D#4,117.859375,0.218750
00023,00023.mid,56,G#3,118.078125,0.218750
00023,00023.mid,58,A#3,118.296875,0.218750
00023,00023.mid,60,C4,118.515625,1.640625
00023,00023.mid,60,C4,120.156250,0.421875
00023,00023.mid,67,G4,120.578125,0.218750
00023,00023.mid,67,G4,120.796875,0.421875
00023,00023.mid,60,C4,121.218750,0.421875
00023,00023.mid,60,C4,121.640625,0.218750
00023,00023.mid,70,A#4,121.859375,0.421875
00023,00023.mid,70,A#4,122.281250,0.421875
00023,00023.mid,68,G#4,122.703125,0.218750
00023,00023.mid,67,G4,122.921875,0.625000
00023,00023.mid,65,F4,123.546875,3.265625
00023,00023.mid,65,F4,126.812500,0.218750
00023,00023.mid,65,F4,127.031250,0.218750
00023,00023.mid,65,F4,127.250000,0.218750
00023,00023.mid,67,G4,127.468750,0.218750
00023,00023.mid,68,G#4,127.687500,0.421875
00023,00023.mid,65,F4,128.109375,0.421875
00023,00023.mid,67,G4,128.531250,0.218750
00023,00023.mid,67,G4,128.750000,0.421875
00023,00023.mid,68,G#4,129.171875,0.218750
00023,00023.mid,70,A#4,129.390625,0.421875
00023,00023.mid,67,G4,129.812500,0.218750
00023,00023.mid,67,G4,130.031250,0.218750
00023,00023.mid,72,C5,130.250000,1.234375
00023,00023.mid,70,A#4,131.484375,0.218750
00023,00023.mid,68,G#4,131.703125,0.218750
00023,00023.mid,68,G#4,131.921875,1.234375
00023,00023.mid,67,G4,133.156250,0.421875
00023,00023.mid,65,F4,133.578125,0.421875
00023,00023.mid,65,F4,134.000000,0.421875
00023,00023.mid,65,F4,134.421875,0.218750
00023,00023.mid,65,F4,134.640625,0.625000
00023,00023.mid,63,D#4,135.265625,0.421875
00023,00023.mid,63,D#4,135.687500,0.421875
00023,00023.mid,58,A#3,136.109375,0.218750
00023,00023.mid,60,C4,136.328125,0.625000
00023,00023.mid,56,G#3,136.953125,3.250000
00023,00023.mid,61,C#4,143.062500,0.218750
00023,00023.mid,62,D4,143.281250,0.218750
00023,00023.mid,64,E4,143.500000,0.421875
00023,00023.mid,64,E4,143.921875,0.421875
00023,00023.mid,64,E4,144.343750,0.421875
00023,00023.mid,64,E4,144.765625,0.218750
00023,00023.mid,64,E4,144.984375,0.218750
00023,00023.mid,66,F#4,145.203125,0.218750
00023,00023.mid,64,E4,145.421875,0.218750
00023,00023.mid,62,D4,145.640625,0.828125
00023,00023.mid,61,C#4,146.468750,0.218750
00023,00023.mid,62,D4,146.687500,0.218750
00023,00023.mid,64,E4,146.906250,0.421875
00023,00023.mid,64,E4,147.328125,0.421875
00023,00023.mid,61,C#4,147.750000,0.218750
00023,00023.mid,59,B3,147.968750,0.218750
00023,00023.mid,57,A3,148.187500,0.421875
00023,00023.mid,59,B3,148.609375,1.234375
00023,00023.mid,61,C#4,149.843750,0.218750
00023,00023.mid,59,B3,150.062500,0.218750
00023,00023.mid,57,A3,150.281250,0.218750
00023,00023.mid,57,A3,150.500000,0.218750
00023,00023.mid,57,A3,150.718750,0.421875
00023,00023.mid,69,A4,151.140625,0.218750
00023,00023.mid,69,A4,151.359375,0.625000
00023,00023.mid,68,G#4,151.984375,0.218750
00023,00023.mid,68,G#4,152.203125,0.421875
00023,00023.mid,69,A4,152.625000,0.218750
00023,00023.mid,68,G#4,152.843750,0.218750
00023,00023.mid,66,F#4,153.062500,0.218750
00023,00023.mid,64,E4,153.281250,0.421875
00023,00023.mid,66,F#4,153.703125,0.218750
00023,00023.mid,64,E4,153.921875,0.218750
00023,00023.mid,62,D4,154.140625,0.218750
00023,00023.mid,62,D4,154.359375,0.421875
00023,00023.mid,64,E4,154.781250,0.218750
00023,00023.mid,66,F#4,155.000000,0.421875
00023,00023.mid,64,E4,155.421875,1.640625
00023,00023.mid,69,A4,157.062500,0.421875
00023,00023.mid,69,A4,157.484375,0.828125
00023,00023.mid,66,F#4,158.312500,0.218750
00023,00023.mid,61,C#4,158.531250,0.218750
00023,00023.mid,64,E4,158.750000,0.218750
00023,00023.mid,66,F#4,158.968750,0.218750
00023,00023.mid,64,E4,159.187500,1.234375
00023,00023.mid,66,F#4,160.421875,0.421875
00023,00023.mid,66,F#4,160.843750,0.421875
00023,00023.mid,64,E4,161.265625,0.218750
00023,00023.mid,57,A3,161.484375,0.421875
00023,00023.mid,59,B3,161.906250,0.218750
00023,00023.mid,61,C#4,162.125000,1.234375
00023,00023.mid,59,B3,163.359375,0.421875
00023,00023.mid,57,A3,163.781250,0.421875
00023,00023.mid,57,A3,164.203125,0.421875
00023,00023.mid,57,A3,164.625000,0.218750
00023,00023.mid,61,C#4,164.843750,0.421875
00023,00023.mid,61,C#4,165.265625,0.218750
00023,00023.mid,61,C#4,165.484375,0.218750
00023,00023.mid,59,B3,165.703125,0.218750
00023,00023.mid,59,B3,165.921875,0.828125
00023,00023.mid,66,F#4,166.750000,0.218750
00023,00023.mid,64,E4,166.968750,0.218750
00023,00023.mid,64,E4,167.187500,0.625000
00023,00023.mid,61,C#4,167.812500,0.218750
00023,00023.mid,59,B3,168.031250,0.218750
00023,00023.mid,52,E3,168.250000,0.218750
00023,00023.mid,61,C#4,168.468750,0.218750
00023,00023.mid,59,B3,168.687500,0.218750
00023,00023.mid,57,A3,168.906250,3.265625
00023,00023.mid,66,F#4,172.171875,0.218750
00023,00023.mid,66,F#4,172.390625,0.218750
00023,00023.mid,66,F#4,172.609375,0.218750
00023,00023.mid,68,G#4,172.828125,0.218750
00023,00023.mid,69,A4,173.046875,0.218750
00023,00023.mid,68,G#4,173.265625,0.218750
00023,00023.mid,66,F#4,173.484375,0.421875
00023,00023.mid,68,G#4,173.906250,0.218750
00023,00023.mid,68,G#4,174.125000,0.421875
00023,00023.mid,69,A4,174.546875,0.218750
00023,00023.mid,71,B4,174.765625,0.218750
00023,00023.mid,69,A4,174.984375,0.218750
00023,00023.mid,68,G#4,175.203125,0.421875
00023,00023.mid,69,A4,175.625000,0.218750
00023,00023.mid,68,G#4,175.843750,0.218750
00023,00023.mid,66,F#4,176.062500,0.218750
00023,00023.mid,64,E4,176.281250,0.421875
00023,00023.mid,64,E4,176.703125,0.218750
00023,00023.mid,57,A3,176.921875,0.218750
00023,00023.mid,59,B3,177.140625,0.218750
00023,00023.mid,61,C#4,177.359375,1.640625
00023,00023.mid,61,C#4,179.000000,0.421875
00023,00023.mid,68,G#4,179.421875,0.218750
00023,00023.mid,68,G#4,179.640625,0.421875
00023,00023.mid,61,C#4,180.062500,0.421875
00023,00023.mid,61,C#4,180.484375,0.218750
00023,00023.mid,71,B4,180.703125,0.421875
00023,00023.mid,71,B4,181.125000,0.421875
00023,00023.mid,69,A4,181.546875,0.218750
00023,00023.mid,68,G#4,181.765625,0.625000
00023,00023.mid,66,F#4,182.390625,3.265625
00023,00023.mid,66,F#4,185.656250,0.218750
00023,00023.mid,66,F#4,185.875000,0.218750
00023,00023.mid,66,F#4,186.093750,0.218750
00023,00023.mid,68,G#4,186.312500,0.218750
00023,00023.mid,69,A4,186.531250,0.218750
00023,00023.mid,68,G#4,186.750000,0.218750
00023,00023.mid,66,F#4,186.968750,0.421875
00023,00023.mid,68,G#4,187.390625,0.218750
00023,00023.mid,68,G#4,187.609375,0.421875
00023,00023.mid,69,A4,188.031250,0.218750
00023,00023.mid,71,B4,188.250000,0.421875
00023,00023.mid,68,G#4,188.671875,0.218750
00023,00023.mid,68,G#4,188.890625,0.218750
00023,00023.mid,73,C#5,189.109375,1.234375
00023,00023.mid,71,B4,190.343750,0.218750
00023,00023.mid,69,A4,190.562500,0.218750
00023,00023.mid,69,A4,190.781250,1.234375
00023,00023.mid,68,G#4,192.015625,0.421875
00023,00023.mid,66,F#4,192.437500,0.421875
00023,00023.mid,66,F#4,192.859375,0.421875
00023,00023.mid,66,F#4,193.281250,0.218750
00023,00023.mid,66,F#4,193.500000,0.625000
00023,00023.mid,64,E4,194.125000,0.421875
00023,00023.mid,64,E4,194.546875,0.421875
00023,00023.mid,59,B3,194.968750,0.218750
00023,00023.mid,61,C#4,195.187500,0.625000
00023,00023.mid,57,A3,195.812500,3.265625
00023,00023.mid,66,F#4,199.078125,0.218750
00023,00023.mid,66,F#4,199.296875,0.218750
00023,00023.mid,66,F#4,199.515625,0.218750
00023,00023.mid,68,G#4,199.734375,0.218750
00023,00023.mid,69,A4,199.953125,0.218750
00023,00023.mid,68,G#4,200.171875,0.218750
00023,00023.mid,66,F#4,200.390625,0.421875
00023,00023.mid,68,G#4,200.812500,0.218750
00023,00023.mid,68,G#4,201.031250,0.421875
00023,00023.mid,69,A4,201.453125,0.218750
00023,00023.mid,71,B4,201.671875,0.218750
00023,00023.mid,69,A4,201.890625,0.218750
00023,00023.mid,68,G#4,202.109375,0.421875
00023,00023.mid,69,A4,202.531250,0.218750
00023,00023.mid,68,G#4,202.750000,0.218750
00023,00023.mid,66,F#4,202.968750,0.218750
00023,00023.mid,64,E4,203.187500,0.421875
00023,00023.mid,64,E4,203.609375,0.218750
00023,00023.mid,57,A3,203.828125,0.218750
00023,00023.mid,59,B3,204.046875,0.218750
00023,00023.mid,61,C#4,204.265625,1.640625
00023,00023.mid,61,C#4,205.906250,0.421875
00023,00023.mid,68,G#4,206.328125,0.218750
00023,00023.mid,68,G#4,206.546875,0.421875
00023,00023.mid,61,C#4,206.968750,0.421875
00023,00023.mid,61,C#4,207.390625,0.218750
00023,00023.mid,71,B4,207.609375,0.421875
00023,00023.mid,71,B4,208.031250,0.421875
00023,00023.mid,69,A4,208.453125,0.218750
00023,00023.mid,68,G#4,208.671875,0.625000
00023,00023.mid,66,F#4,209.296875,3.265625
00023,00023.mid,66,F#4,212.562500,0.218750
00023,00023.mid,66,F#4,212.781250,0.218750
00023,00023.mid,66,F#4,213.000000,0.218750
00023,00023.mid,68,G#4,213.218750,0.218750
00023,00023.mid,69,A4,213.437500,0.218750
00023,00023.mid,68,G#4,213.656250,0.218750
00023,00023.mid,66,F#4,213.875000,0.421875
00023,00023.mid,68,G#4,214.296875,0.218750
00023,00023.mid,68,G#4,214.515625,0.421875
00023,00023.mid,69,A4,214.937500,0.218750
00023,00023.mid,71,B4,215.156250,0.421875
00023,00023.mid,68,G#4,215.578125,0.218750
00023,00023.mid,68,G#4,215.796875,0.218750
00023,00023.mid,73,C#5,216.015625,1.234375
00023,00023.mid,71,B4,217.250000,0.218750
00023,00023.mid,69,A4,217.468750,0.218750
00023,00023.mid,69,A4,217.687500,1.234375
00023,00023.mid,68,G#4,218.921875,0.421875
00023,00023.mid,66,F#4,219.343750,0.421875
00023,00023.mid,66,F#4,219.765625,0.421875
00023,00023.mid,66,F#4,220.187500,0.218750
00023,00023.mid,66,F#4,220.406250,0.625000
00023,00023.mid,64,E4,221.031250,0.421875
00023,00023.mid,64,E4,221.453125,0.421875
00023,00023.mid,59,B3,221.875000,0.218750
00023,00023.mid,61,C#4,222.093750,0.625000
00023,00023.mid,57,A3,222.718750,3.265625
00023,00023.mid,66,F#4,225.984375,0.218750
00023,00023.mid,66,F#4,226.203125,0.218750
00023,00023.mid,66,F#4,226.421875,0.218750
00023,00023.mid,68,G#4,226.640625,0.218750
00023,00023.mid,69,A4,226.859375,0.421875
00023,00023.mid,66,F#4,227.281250,0.421875
00023,00023.mid,68,G#4,227.703125,0.218750
00023,00023.mid,68,G#4,227.921875,0.421875
00023,00023.mid,69,A4,228.343750,0.218750
00023,00023.mid,71,B4,228.562500,0.421875
00023,00023.mid,68,G#4,228.984375,0.421875
00023,00023.mid,69,A4,229.406250,0.218750
00023,00023.mid,68,G#4,229.625000,0.218750
00023,00023.mid,66,F#4,229.843750,0.218750
00023,00023.mid,64,E4,230.062500,0.421875
00023,00023.mid,64,E4,230.484375,0.218750
00023,00023.mid,57,A3,230.703125,0.218750
00023,00023.mid,59,B3,230.921875,0.218750
00023,00023.mid,61,C#4,231.140625,1.640625
00023,00023.mid,61,C#4,232.781250,0.421875
00023,00023.mid,68,G#4,233.203125,0.218750
00023,00023.mid,68,G#4,233.421875,0.421875
00023,00023.mid,61,C#4,233.843750,0.421875
00023,00023.mid,61,C#4,234.265625,0.218750
00023,00023.mid,71,B4,234.484375,0.421875
00023,00023.mid,71,B4,234.906250,0.421875
00023,00023.mid,69,A4,235.328125,0.218750
00023,00023.mid,68,G#4,235.546875,0.421875
00023,00023.mid,66,F#4,235.968750,3.468750
00023,00023.mid,66,F#4,239.437500,0.218750
00023,00023.mid,66,F#4,239.656250,0.218750
00023,00023.mid,66,F#4,239.875000,0.218750
00023,00023.mid,68,G#4,240.093750,0.218750
00023,00023.mid,69,A4,240.312500,0.421875
00023,00023.mid,66,F#4,240.734375,0.421875
00023,00023.mid,68,G#4,241.156250,0.218750
00023,00023.mid,68,G#4,241.375000,0.421875
00023,00023.mid,69,A4,241.796875,0.218750
00023,00023.mid,71,B4,242.015625,0.421875
00023,00023.mid,68,G#4,242.437500,0.218750
00023,00023.mid,68,G#4,242.656250,0.218750
00023,00023.mid,73,C#5,242.875000,1.234375
00023,00023.mid,71,B4,244.109375,0.218750
00023,00023.mid,69,A4,244.328125,0.218750
00023,00023.mid,69,A4,244.546875,1.234375
00023,00023.mid,68,G#4,245.781250,0.421875
00023,00023.mid,66,F#4,246.203125,0.421875
00023,00023.mid,66,F#4,246.625000,0.421875
00023,00023.mid,66,F#4,247.046875,0.218750
00023,00023.mid,66,F#4,247.265625,0.625000
00023,00023.mid,71,B4,247.890625,0.421875
00023,00023.mid,71,B4,248.312500,0.421875
00023,00023.mid,71,B4,248.734375,0.218750
00023,00023.mid,73,C#5,248.953125,0.625000
00023,00023.mid,69,A4,249.578125,3.265625
00023,00023.mid,66,F#4,252.843750,0.218750
00023,00023.mid,66,F#4,253.062500,0.218750
00023,00023.mid,66,F#4,253.281250,0.218750
00023,00023.mid,68,G#4,253.500000,0.218750
00023,00023.mid,69,A4,253.718750,0.421875
00023,00023.mid,66,F#4,254.140625,0.421875
00023,00023.mid,68,G#4,254.562500,0.218750
00023,00023.mid,68,G#4,254.781250,0.421875
00023,00023.mid,69,A4,255.203125,0.218750
00023,00023.mid,71,B4,255.421875,0.421875
00023,00023.mid,68,G#4,255.843750,0.421875
00023,00023.mid,69,A4,256.265625,0.218750
00023,00023.mid,68,G#4,256.484375,0.218750
00023,00023.mid,66,F#4,256.703125,0.218750
00023,00023.mid,64,E4,256.921875,0.421875
00023,00023.mid,64,E4,257.343750,0.218750
00023,00023.mid,57,A3,257.562500,0.218750
00023,00023.mid,59,B3,257.781250,0.218750
00023,00023.mid,61,C#4,258.000000,1.640625
00023,00023.mid,61,C#4,259.640625,0.421875
00023,00023.mid,68,G#4,260.062500,0.218750
00023,00023.mid,68,G#4,260.281250,0.421875
00023,00023.mid,61,C#4,260.703125,0.421875
00023,00023.mid,61,C#4,261.125000,0.218750
00023,00023.mid,71,B4,261.343750,0.421875
00023,00023.mid,71,B4,261.765625,0.421875
00023,00023.mid,69,A4,262.187500,0.218750
00023,00023.mid,68,G#4,262.406250,0.625000
00023,00023.mid,66,F#4,263.031250,3.265625
00023,00023.mid,66,F#4,266.296875,0.218750
00023,00023.mid,66,F#4,266.515625,0.218750
00023,00023.mid,66,F#4,266.734375,0.218750
00023,00023.mid,68,G#4,266.953125,0.218750
00023,00023.mid,69,A4,267.171875,0.421875
00023,00023.mid,66,F#4,267.593750,0.421875
00023,00023.mid,68,G#4,268.015625,0.218750
00023,00023.mid,68,G#4,268.234375,0.421875
00023,00023.mid,69,A4,268.656250,0.218750
00023,00023.mid,71,B4,268.875000,0.421875
00023,00023.mid,68,G#4,269.296875,0.218750
00023,00023.mid,68,G#4,269.515625,0.218750
00023,00023.mid,73,C#5,269.734375,1.234375
00023,00023.mid,71,B4,270.968750,0.218750
00023,00023.mid,69,A4,271.187500,0.218750
00023,00023.mid,69,A4,271.406250,1.234375
00023,00023.mid,68,G#4,272.640625,0.421875
00023,00023.mid,66,F#4,273.062500,0.203125
00023,00023.mid,66,F#4,273.484375,0.421875
00023,00023.mid,66,F#4,273.906250,0.218750
00023,00023.mid,66,F#4,274.125000,0.625000
00023,00023.mid,64,E4,274.750000,0.421875
00023,00023.mid,64,E4,275.171875,0.421875
00023,00023.mid,59,B3,275.593750,0.218750
00023,00023.mid,61,C#4,275.812500,0.625000
00023,00023.mid,57,A3,276.437500,1.625000
00024,00024.mid,57,A3,0.000000,0.500000
00024,00024.mid,62,D4,0.500000,0.500000
00024,00024.mid,62,D4,1.000000,0.750000
00024,00024.mid,57,A3,2.000000,0.500000
00024,00024.mid,64,E4,2.500000,0.500000
00024,00024.mid,64,E4,3.000000,0.750000
00024,00024.mid,62,D4,4.000000,0.750000
00024,00024.mid,62,D4,4.750000,0.250000
00024,00024.mid,62,D4,5.000000,0.500000
00024,00024.mid,72,C5,5.500000,0.500000
00024,00024.mid,69,A4,6.000000,1.375000
00024,00024.mid,69,A4,8.000000,0.500000
00024,00024.mid,74,D5,8.500000,0.250000
00024,00024.mid,72,C5,8.750000,0.250000
00024,00024.mid,69,A4,9.000000,0.500000
00024,00024.mid,67,G4,9.500000,0.500000
00024,00024.mid,65,F4,10.000000,0.500000
00024,00024.mid,69,A4,10.500000,0.250000
00024,00024.mid,67,G4,10.750000,0.250000
00024,00024.mid,65,F4,11.000000,0.500000
00024,00024.mid,64,E4,11.500000,0.500000
00024,00024.mid,62,D4,12.000000,0.750000
00024,00024.mid,62,D4,12.750000,0.250000
00024,00024.mid,60,C4,13.000000,0.500000
00024,00024.mid,58,A#3,13.500000,0.500000
00024,00024.mid,57,A3,14.000000,1.500000
00024,00024.mid,57,A3,16.000000,0.500000
00024,00024.mid,62,D4,16.500000,0.500000
00024,00024.mid,62,D4,17.000000,0.750000
00024,00024.mid,57,A3,18.000000,0.500000
00024,00024.mid,64,E4,18.500000,0.500000
00024,00024.mid,64,E4,19.000000,0.750000
00024,00024.mid,62,D4,20.000000,0.750000
00024,00024.mid,62,D4,20.750000,0.250000
00024,00024.mid,62,D4,21.000000,0.500000
00024,00024.mid,72,C5,21.500000,0.500000
00024,00024.mid,69,A4,22.000000,1.500000
00024,00024.mid,69,A4,24.000000,0.500000
00024,00024.mid,74,D5,24.500000,0.250000
00024,00024.mid,72,C5,24.750000,0.250000
00024,00024.mid,69,A4,25.000000,0.500000
00024,00024.mid,67,G4,25.500000,0.500000
00024,00024.mid,65,F4,26.000000,0.500000
00024,00024.mid,69,A4,26.500000,0.250000
00024,00024.mid,67,G4,26.750000,0.250000
00024,00024.mid,65,F4,27.000000,0.500000
00024,00024.mid,64,E4,27.500000,0.500000
00024,00024.mid,57,A3,28.000000,0.750000
00024,00024.mid,57,A3,28.750000,0.250000
00024,00024.mid,65,F4,29.000000,0.500000
00024,00024.mid,64,E4,29.500000,0.500000
00024,00024.mid,62,D4,30.000000,1.500000
00025,00025.mid,65,F4,0.000000,0.692307
00025,00025.mid,65,F4,0.692307,0.230769
00025,00025.mid,65,F4,0.923076,0.461538
00025,00025.mid,65,F4,1.384614,0.230769
00025,00025.mid,65,F4,1.615383,0.230769
00025,00025.mid,67,G4,1.846152,0.923076
00025,00025.mid,67,G4,2.769228,0.461538
00025,00025.mid,58,A#3,3.461535,0.230769
00025,00025.mid,67,G4,3.692304,0.461538
00025,00025.mid,67,G4,4.153842,0.461538
00025,00025.mid,69,A4,4.615380,0.461538
00025,00025.mid,70,A#4,5.076918,0.461538
00025,00025.mid,65,F4,5.538456,0.923076
00025,00025.mid,58,A#3,7.153839,0.230769
00025,00025.mid,67,G4,7.384608,0.692307
00025,00025.mid,67,G4,8.076915,0.230769
00025,00025.mid,67,G4,8.307684,0.461538
00025,00025.mid,69,A4,8.769222,0.230769
00025,00025.mid,70,A#4,8.999991,0.230769
00025,00025.mid,65,F4,9.230760,0.461538
00025,00025.mid,63,D#4,9.692298,0.461538
00025,00025.mid,62,D4,10.153836,0.461538
00025,00025.mid,60,C4,11.076912,0.461538
00025,00025.mid,63,D#4,11.538450,0.461538
00025,00025.mid,62,D4,11.999988,0.230769
00025,00025.mid,60,C4,12.230757,0.692307
00025,00025.mid,58,A#3,12.923064,0.923076
00025,00025.mid,67,G4,14.769216,0.230769
00025,00025.mid,67,G4,14.999985,0.461538
00025,00025.mid,65,F4,15.461523,0.230769
00025,00025.mid,63,D#4,15.692292,0.461538
00025,00025.mid,67,G4,16.153830,0.461538
00025,00025.mid,65,F4,16.615368,0.461538
00025,00025.mid,63,D#4,17.076906,0.461538
00025,00025.mid,62,D4,17.538444,0.461538
00025,00025.mid,60,C4,18.461520,0.692307
00025,00025.mid,62,D4,19.153827,0.230769
00025,00025.mid,63,D#4,19.384596,0.461538
00025,00025.mid,62,D4,19.846134,0.230769
00025,00025.mid,60,C4,20.076903,0.230769
00025,00025.mid,62,D4,20.307672,0.461538
00025,00025.mid,63,D#4,20.769210,0.461538
00025,00025.mid,65,F4,21.230748,0.461538
00025,00025.mid,67,G4,22.153824,0.230769
00025,00025.mid,67,G4,22.384593,0.461538
00025,00025.mid,67,G4,22.846131,0.230769
00025,00025.mid,67,G4,23.076900,0.461538
00025,00025.mid,70,A#4,23.538438,0.461538
00025,00025.mid,69,A4,23.999976,0.461538
00025,00025.mid,65,F4,24.461514,0.230769
00025,00025.mid,67,G4,24.692283,0.230769
00025,00025.mid,69,A4,24.923052,0.461538
00025,00025.mid,67,G4,25.846128,0.692307
00025,00025.mid,67,G4,26.538435,0.230769
00025,00025.mid,67,G4,26.769204,0.346153
00025,00025.mid,70,A#4,27.230742,0.230769
00025,00025.mid,70,A#4,27.461511,0.230769
00025,00025.mid,72,C5,27.692280,0.461538
00025,00025.mid,70,A#4,28.153818,0.230769
00025,00025.mid,72,C5,28.384587,2.076921
00025,00025.mid,74,D5,31.384584,0.923076
00025,00025.mid,72,C5,32.307660,0.461538
00025,00025.mid,70,A#4,32.769198,0.461538
00025,00025.mid,70,A#4,33.230736,0.461538
00025,00025.mid,67,G4,33.692274,0.230769
00025,00025.mid,67,G4,33.923043,0.692307
00025,00025.mid,72,C5,35.076888,0.692307
00025,00025.mid,72,C5,35.769195,0.230769
00025,00025.mid,69,A4,35.999964,0.461538
00025,00025.mid,67,G4,36.461502,0.461538
00025,00025.mid,65,F4,36.923040,1.384614
00025,00025.mid,74,D5,38.769192,0.923076
00025,00025.mid,72,C5,39.692268,0.461538
00025,00025.mid,70,A#4,40.153806,0.461538
00025,00025.mid,75,D#5,40.615344,0.461538
00025,00025.mid,67,G4,41.076882,0.230769
00025,00025.mid,67,G4,41.307651,0.692307
00025,00025.mid,69,A4,42.461496,0.461538
00025,00025.mid,69,A4,42.923034,0.230769
00025,00025.mid,67,G4,43.153803,0.230769
00025,00025.mid,69,A4,43.384572,0.461538
00025,00025.mid,70,A#4,43.846110,0.461538
00025,00025.mid,72,C5,44.307648,0.923076
00025,00025.mid,69,A4,45.230724,0.923076
00025,00025.mid,70,A#4,46.153800,1.384614
00026,00026.mid,70,A#4,0.000000,0.718750
00026,00026.mid,67,G4,0.718750,0.375000
00026,00026.mid,70,A#4,1.093750,0.375000
00026,00026.mid,67,G4,1.468750,0.718750
00026,00026.mid,70,A#4,2.187500,0.578125
00026,00026.mid,75,D#5,2.906250,0.921875
00026,00026.mid,72,C5,3.984375,0.359375
00026,00026.mid,70,A#4,4.343750,1.140625
00026,00026.mid,70,A#4,5.765625,0.593750
00026,00026.mid,72,C5,6.484375,0.359375
00026,00026.mid,75,D#5,6.843750,0.375000
00026,00026.mid,67,G4,7.218750,0.718750
00026,00026.mid,70,A#4,7.937500,0.375000
00026,00026.mid,67,G4,8.312500,0.359375
00026,00026.mid,65,F4,8.671875,1.078125
00026,00026.mid,60,C4,9.750000,0.359375
00026,00026.mid,63,D#4,10.109375,1.156250
00026,00026.mid,70,A#4,11.531250,0.718750
00026,00026.mid,67,G4,12.250000,0.375000
00026,00026.mid,70,A#4,12.625000,0.375000
00026,00026.mid,67,G4,13.000000,0.718750
00026,00026.mid,70,A#4,13.718750,0.718750
00026,00026.mid,75,D#5,14.437500,0.937500
00026,00026.mid,72,C5,15.500000,0.375000
00026,00026.mid,70,A#4,15.875000,1.203125
00026,00026.mid,70,A#4,17.296875,0.187500
00026,00026.mid,70,A#4,17.671875,0.375000
00026,00026.mid,72,C5,18.046875,0.359375
00026,00026.mid,75,D#5,18.406250,0.375000
00026,00026.mid,67,G4,18.781250,0.609375
00026,00026.mid,65,F4,19.515625,0.718750
00026,00026.mid,63,D#4,20.234375,2.406250
00026,00026.mid,65,F4,23.078125,0.718750
00026,00026.mid,63,D#4,23.796875,0.375000
00026,00026.mid,65,F4,24.171875,0.375000
00026,00026.mid,63,D#4,24.546875,0.718750
00026,00026.mid,65,F4,25.265625,0.718750
00026,00026.mid,70,A#4,25.984375,0.906250
00026,00026.mid,67,G4,27.046875,0.359375
00026,00026.mid,65,F4,27.406250,1.187500
00026,00026.mid,67,G4,28.843750,0.375000
00026,00026.mid,63,D#4,29.218750,0.359375
00026,00026.mid,65,F4,29.578125,0.359375
00026,00026.mid,67,G4,29.937500,0.359375
00026,00026.mid,70,A#4,30.296875,0.359375
00026,00026.mid,67,G4,30.656250,0.359375
00026,00026.mid,70,A#4,31.015625,0.359375
00026,00026.mid,72,C5,31.375000,0.359375
00026,00026.mid,75,D#5,31.734375,1.062500
00026,00026.mid,72,C5,32.796875,0.375000
00026,00026.mid,75,D#5,33.171875,1.062500
00026,00026.mid,67,G4,34.234375,0.359375
00026,00026.mid,70,A#4,34.593750,0.609375
00026,00026.mid,67,G4,35.328125,0.359375
00026,00026.mid,70,A#4,35.687500,0.359375
00026,00026.mid,67,G4,36.046875,0.718750
00026,00026.mid,70,A#4,36.765625,0.718750
00026,00026.mid,75,D#5,37.484375,1.078125
00026,00026.mid,72,C5,38.562500,0.375000
00026,00026.mid,70,A#4,38.937500,1.234375
00026,00026.mid,70,A#4,40.359375,0.171875
00026,00026.mid,70,A#4,40.718750,0.250000
00026,00026.mid,72,C5,41.078125,0.359375
00026,00026.mid,75,D#5,41.437500,0.359375
00026,00026.mid,67,G4,41.796875,0.531250
00026,00026.mid,70,A#4,42.328125,0.187500
00026,00026.mid,67,G4,42.515625,0.359375
00026,00026.mid,65,F4,42.875000,0.359375
00026,00026.mid,63,D#4,43.234375,2.453125
00026,00026.mid,70,A#4,47.718750,0.718750
00026,00026.mid,67,G4,48.437500,0.375000
00026,00026.mid,70,A#4,48.812500,0.375000
00026,00026.mid,67,G4,49.187500,0.718750
00026,00026.mid,70,A#4,49.906250,0.578125
00026,00026.mid,75,D#5,50.625000,0.921875
00026,00026.mid,72,C5,51.703125,0.359375
00026,00026.mid,70,A#4,52.062500,1.140625
00026,00026.mid,70,A#4,53.484375,0.593750
00026,00026.mid,72,C5,54.203125,0.359375
00026,00026.mid,75,D#5,54.562500,0.375000
00026,00026.mid,67,G4,54.937500,0.718750
00026,00026.mid,70,A#4,55.656250,0.375000
00026,00026.mid,67,G4,56.031250,0.359375
00026,00026.mid,65,F4,56.390625,1.078125
00026,00026.mid,60,C4,57.468750,0.359375
00026,00026.mid,63,D#4,57.828125,1.156250
00026,00026.mid,70,A#4,59.250000,0.718750
00026,00026.mid,67,G4,59.968750,0.375000
00026,00026.mid,70,A#4,60.343750,0.375000
00026,00026.mid,67,G4,60.718750,0.718750
00026,00026.mid,70,A#4,61.437500,0.718750
00026,00026.mid,75,D#5,62.156250,0.937500
00026,00026.mid,72,C5,63.218750,0.375000
00026,00026.mid,70,A#4,63.593750,1.203125
00026,00026.mid,70,A#4,65.015625,0.187500
00026,00026.mid,70,A#4,65.390625,0.375000
00026,00026.mid,72,C5,65.765625,0.359375
00026,00026.mid,75,D#5,66.125000,0.375000
00026,00026.mid,67,G4,66.500000,0.609375
00026,00026.mid,65,F4,67.234375,0.718750
00026,00026.mid,63,D#4,67.953125,2.406250
00026,00026.mid,65,F4,70.796875,0.718750
00026,00026.mid,63,D#4,71.515625,0.375000
00026,00026.mid,65,F4,71.890625,0.375000
00026,00026.mid,63,D#4,72.265625,0.718750
00026,00026.mid,65,F4,72.984375,0.718750
00026,00026.mid,70,A#4,73.703125,0.906250
00026,00026.mid,67,G4,74.765625,0.359375
00026,00026.mid,65,F4,75.125000,1.187500
00026,00026.mid,67,G4,76.562500,0.375000
00026,00026.mid,63,D#4,76.937500,0.359375
00026,00026.mid,65,F4,77.296875,0.359375
00026,00026.mid,67,G4,77.656250,0.359375
00026,00026.mid,70,A#4,78.015625,0.359375
00026,00026.mid,67,G4,78.375000,0.359375
00026,00026.mid,70,A#4,78.734375,0.359375
00026,00026.mid,72,C5,79.093750,0.359375
00026,00026.mid,75,D#5,79.453125,1.062500
00026,00026.mid,72,C5,80.515625,0.375000
00026,00026.mid,75,D#5,80.890625,1.062500
00026,00026.mid,67,G4,81.953125,0.359375
00026,00026.mid,70,A#4,82.312500,0.609375
00026,00026.mid,67,G4,83.046875,0.359375
00026,00026.mid,70,A#4,83.406250,0.359375
00026,00026.mid,67,G4,83.765625,0.718750
00026,00026.mid,70,A#4,84.484375,0.718750
00026,00026.mid,75,D#5,85.203125,1.078125
00026,00026.mid,72,C5,86.281250,0.375000
00026,00026.mid,70,A#4,86.656250,1.234375
00026,00026.mid,70,A#4,88.078125,0.171875
00026,00026.mid,70,A#4,88.437500,0.250000
00026,00026.mid,72,C5,88.796875,0.359375
00026,00026.mid,75,D#5,89.156250,0.359375
00026,00026.mid,67,G4,89.515625,0.531250
00026,00026.mid,70,A#4,90.046875,0.187500
00026,00026.mid,67,G4,90.234375,0.359375
00026,00026.mid,65,F4,90.593750,0.359375
00026,00026.mid,63,D#4,90.953125,2.453125
00026,00026.mid,70,A#4,95.437500,0.718750
00026,00026.mid,67,G4,96.156250,0.375000
00026,00026.mid,70,A#4,96.531250,0.375000
00026,00026.mid,67,G4,96.906250,0.718750
00026,00026.mid,70,A#4,97.625000,0.578125
00026,00026.mid,75,D#5,98.343750,0.921875
00026,00026.mid,72,C5,99.421875,0.359375
00026,00026.mid,70,A#4,99.781250,1.140625
00026,00026.mid,70,A#4,101.203125,0.593750
00026,00026.mid,72,C5,101.921875,0.359375
00026,00026.mid,75,D#5,102.281250,0.375000
00026,00026.mid,67,G4,102.656250,0.718750
00026,00026.mid,70,A#4,103.375000,0.375000
00026,00026.mid,67,G4,103.750000,0.359375
00026,00026.mid,65,F4,104.109375,1.078125
00026,00026.mid,60,C4,105.187500,0.359375
00026,00026.mid,63,D#4,105.546875,1.156250
00026,00026.mid,70,A#4,106.968750,0.718750
00026,00026.mid,67,G4,107.687500,0.375000
00026,00026.mid,70,A#4,108.062500,0.375000
00026,00026.mid,67,G4,108.437500,0.718750
00026,00026.mid,70,A#4,109.156250,0.718750
00026,00026.mid,75,D#5,109.875000,0.937500
00026,00026.mid,72,C5,110.937500,0.375000
00026,00026.mid,70,A#4,111.312500,1.203125
00026,00026.mid,70,A#4,112.734375,0.187500
00026,00026.mid,70,A#4,113.109375,0.375000
00026,00026.mid,72,C5,113.484375,0.359375
00026,00026.mid,75,D#5,113.843750,0.375000
00026,00026.mid,67,G4,114.218750,0.609375
00026,00026.mid,65,F4,114.953125,0.718750
00026,00026.mid,63,D#4,115.671875,2.406250
00026,00026.mid,65,F4,118.515625,0.718750
00026,00026.mid,63,D#4,119.234375,0.375000
00026,00026.mid,65,F4,119.609375,0.375000
00026,00026.mid,63,D#4,119.984375,0.718750
00026,00026.mid,65,F4,120.703125,0.718750
00026,00026.mid,70,A#4,121.421875,0.906250
00026,00026.mid,67,G4,122.484375,0.359375
00026,00026.mid,65,F4,122.843750,1.187500
00026,00026.mid,67,G4,124.281250,0.375000
00026,00026.mid,63,D#4,124.656250,0.359375
00026,00026.mid,65,F4,125.015625,0.359375
00026,00026.mid,67,G4,125.375000,0.359375
00026,00026.mid,70,A#4,125.734375,0.359375
00026,00026.mid,67,G4,126.093750,0.359375
00026,00026.mid,70,A#4,126.453125,0.359375
00026,00026.mid,72,C5,126.812500,0.359375
00026,00026.mid,75,D#5,127.171875,1.062500
00026,00026.mid,72,C5,128.234375,0.375000
00026,00026.mid,75,D#5,128.609375,1.062500
00026,00026.mid,67,G4,129.671875,0.359375
00026,00026.mid,70,A#4,130.031250,0.609375
00026,00026.mid,67,G4,130.765625,0.359375
00026,00026.mid,70,A#4,131.125000,0.359375
00026,00026.mid,67,G4,131.484375,0.718750
00026,00026.mid,70,A#4,132.203125,0.718750
00026,00026.mid,75,D#5,132.921875,1.078125
00026,00026.mid,72,C5,134.000000,0.375000
00026,00026.mid,70,A#4,134.375000,1.234375
00026,00026.mid,70,A#4,135.796875,0.171875
00026,00026.mid,70,A#4,136.156250,0.250000
00026,00026.mid,72,C5,136.515625,0.359375
00026,00026.mid,75,D#5,136.875000,0.359375
00026,00026.mid,79,G5,137.234375,0.500000
00026,00026.mid,77,F5,137.953125,0.531250
00026,00026.mid,75,D#5,138.671875,2.453125
00027,00027.mid,71,B4,0.000000,0.250000
00027,00027.mid,69,A4,0.250000,0.250000
00027,00027.mid,66,F#4,0.500000,0.250000
00027,00027.mid,67,G4,0.750000,0.250000
00027,00027.mid,71,B4,1.000000,0.250000
00027,00027.mid,69,A4,1.250000,0.250000
00027,00027.mid,67,G4,1.500000,0.250000
00027,00027.mid,66,F#4,1.750000,0.250000
00027,00027.mid,64,E4,2.000000,0.500000
00027,00027.mid,64,E4,2.500000,0.250000
00027,00027.mid,72,C5,2.750000,0.250000
00027,00027.mid,71,B4,3.000000,1.000000
00027,00027.mid,71,B4,4.000000,0.250000
00027,00027.mid,69,A4,4.250000,0.250000
00027,00027.mid,66,F#4,4.500000,0.250000
00027,00027.mid,67,G4,4.750000,0.250000
00027,00027.mid,71,B4,5.000000,0.250000
00027,00027.mid,69,A4,5.250000,0.250000
00027,00027.mid,67,G4,5.500000,0.250000
00027,00027.mid,66,F#4,5.750000,0.250000
00027,00027.mid,64,E4,6.000000,0.500000
00027,00027.mid,64,E4,6.500000,0.250000
00027,00027.mid,64,E4,6.750000,0.250000
00027,00027.mid,64,E4,7.000000,1.000000
00027,00027.mid,64,E4,8.000000,0.250000
00027,00027.mid,64,E4,8.250000,0.250000
00027,00027.mid,69,A4,8.500000,0.250000
00027,00027.mid,72,C5,8.750000,0.250000
00027,00027.mid,71,B4,9.000000,0.500000
00027,00027.mid,76,E5,9.500000,0.250000
00027,00027.mid,72,C5,9.750000,0.250000
00027,00027.mid,71,B4,10.000000,0.500000
00027,00027.mid,71,B4,10.500000,0.250000
00027,00027.mid,69,A4,10.750000,0.250000
00027,00027.mid,71,B4,11.000000,1.000000
00027,00027.mid,71,B4,12.000000,0.250000
00027,00027.mid,69,A4,12.250000,0.250000
00027,00027.mid,66,F#4,12.500000,0.250000
00027,00027.mid,67,G4,12.750000,0.250000
00027,00027.mid,71,B4,13.000000,0.250000
00027,00027.mid,69,A4,13.250000,0.250000
00027,00027.mid,67,G4,13.500000,0.250000
00027,00027.mid,66,F#4,13.750000,0.250000
00027,00027.mid,64,E4,14.000000,0.500000
00027,00027.mid,64,E4,14.500000,0.250000
00027,00027.mid,72,C5,14.750000,0.250000
00027,00027.mid,71,B4,15.000000,1.000000
00027,00027.mid,71,B4,16.000000,0.250000
00027,00027.mid,69,A4,16.250000,0.250000
00027,00027.mid,66,F#4,16.500000,0.250000
00027,00027.mid,67,G4,16.750000,0.250000
00027,00027.mid,71,B4,17.000000,0.250000
00027,00027.mid,69,A4,17.250000,0.250000
00027,00027.mid,67,G4,17.500000,0.250000
00027,00027.mid,66,F#4,17.750000,0.250000
00027,00027.mid,64,E4,18.000000,0.500000
00027,00027.mid,64,E4,18.500000,0.250000
00027,00027.mid,64,E4,18.750000,0.250000
00027,00027.mid,64,E4,19.000000,1.000000
00027,00027.mid,64,E4,20.000000,0.250000
00027,00027.mid,67,G4,20.250000,0.250000
00027,00027.mid,67,G4,20.500000,0.250000
00027,00027.mid,67,G4,20.750000,0.250000
00027,00027.mid,67,G4,21.000000,0.750000
00027,00027.mid,66,F#4,21.750000,0.250000
00027,00027.mid,64,E4,22.000000,0.250000
00027,00027.mid,67,G4,22.250000,0.250000
00027,00027.mid,66,F#4,22.500000,0.250000
00027,00027.mid,64,E4,22.750000,0.250000
00027,00027.mid,66,F#4,23.000000,1.000000
00027,00027.mid,66,F#4,24.000000,0.250000
00027,00027.mid,67,G4,24.250000,0.250000
00027,00027.mid,69,A4,24.500000,0.250000
00027,00027.mid,72,C5,24.750000,0.250000
00027,00027.mid,71,B4,25.000000,0.250000
00027,00027.mid,69,A4,25.250000,0.250000
00027,00027.mid,67,G4,25.500000,0.250000
00027,00027.mid,66,F#4,25.750000,0.250000
00027,00027.mid,64,E4,26.000000,0.500000
00027,00027.mid,64,E4,26.500000,0.250000
00027,00027.mid,64,E4,26.750000,0.250000
00027,00027.mid,64,E4,27.000000,1.000000
00028,00028.mid,79,G5,0.000000,0.593750
00028,00028.mid,79,G5,0.593750,0.593750
00028,00028.mid,79,G5,1.187500,0.609375
00028,00028.mid,81,A5,1.796875,0.609375
00028,00028.mid,84,C6,2.406250,0.609375
00028,00028.mid,81,A5,3.015625,0.593750
00028,00028.mid,79,G5,3.609375,3.171875
00028,00028.mid,76,E5,7.156250,0.515625
00028,00028.mid,76,E5,7.765625,0.515625
00028,00028.mid,74,D5,8.375000,0.515625
00028,00028.mid,76,E5,8.984375,0.515625
00028,00028.mid,74,D5,9.593750,0.515625
00028,00028.mid,72,C5,10.203125,0.515625
00028,00028.mid,69,A4,10.812500,3.156250
00028,00028.mid,67,G4,14.343750,0.609375
00028,00028.mid,79,G5,14.953125,0.593750
00028,00028.mid,79,G5,15.546875,0.609375
00028,00028.mid,81,A5,16.156250,0.593750
00028,00028.mid,79,G5,16.750000,0.515625
00028,00028.mid,79,G5,17.359375,0.593750
00028,00028.mid,76,E5,17.953125,0.593750
00028,00028.mid,74,D5,18.546875,0.515625
00028,00028.mid,76,E5,19.156250,0.515625
00028,00028.mid,76,E5,19.765625,1.578125
00028,00028.mid,74,D5,21.546875,1.062500
00028,00028.mid,74,D5,22.734375,0.515625
00028,00028.mid,74,D5,23.343750,0.593750
00028,00028.mid,76,E5,23.937500,0.593750
00028,00028.mid,74,D5,24.531250,0.593750
00028,00028.mid,72,C5,25.125000,0.609375
00028,00028.mid,69,A4,25.734375,0.609375
00028,00028.mid,72,C5,26.343750,0.609375
00028,00028.mid,72,C5,26.953125,3.171875
00028,00028.mid,79,G5,30.500000,0.515625
00028,00028.mid,79,G5,31.109375,0.515625
00028,00028.mid,79,G5,31.718750,0.515625
00028,00028.mid,81,A5,32.328125,0.515625
00028,00028.mid,84,C6,32.937500,0.515625
00028,00028.mid,81,A5,33.546875,0.515625
00028,00028.mid,79,G5,34.156250,3.156250
00028,00028.mid,76,E5,37.687500,0.609375
00028,00028.mid,76,E5,38.296875,0.609375
00028,00028.mid,74,D5,38.906250,0.593750
00028,00028.mid,76,E5,39.500000,0.593750
00028,00028.mid,74,D5,40.093750,0.593750
00028,00028.mid,72,C5,40.687500,0.515625
00028,00028.mid,69,A4,41.296875,3.171875
00028,00028.mid,67,G4,44.843750,0.515625
00028,00028.mid,79,G5,45.453125,0.515625
00028,00028.mid,79,G5,46.062500,0.515625
00028,00028.mid,81,A5,46.671875,0.593750
00028,00028.mid,79,G5,47.265625,0.593750
00028,00028.mid,79,G5,47.859375,0.609375
00028,00028.mid,76,E5,48.468750,0.593750
00028,00028.mid,74,D5,49.062500,0.609375
00028,00028.mid,76,E5,49.671875,0.609375
00028,00028.mid,76,E5,50.281250,1.578125
00028,00028.mid,74,D5,52.062500,1.062500
00028,00028.mid,74,D5,53.265625,0.593750
00028,00028.mid,74,D5,53.859375,0.609375
00028,00028.mid,76,E5,54.468750,0.593750
00028,00028.mid,74,D5,55.062500,0.515625
00028,00028.mid,72,C5,55.671875,0.515625
00028,00028.mid,69,A4,56.281250,0.515625
00028,00028.mid,72,C5,56.890625,0.515625
00028,00028.mid,72,C5,57.500000,3.156250
00028,00028.mid,72,C5,61.031250,0.609375
00028,00028.mid,74,D5,61.640625,0.234375
00028,00028.mid,74,D5,61.968750,0.296875
00028,00028.mid,76,E5,62.265625,0.593750
00028,00028.mid,69,A4,62.859375,1.578125
00028,00028.mid,72,C5,64.640625,0.515625
00028,00028.mid,74,D5,65.250000,0.312500
00028,00028.mid,74,D5,65.562500,0.312500
00028,00028.mid,76,E5,65.875000,0.515625
00028,00028.mid,67,G4,66.484375,1.562500
00028,00028.mid,72,C5,68.250000,0.515625
00028,00028.mid,74,D5,68.859375,0.515625
00028,00028.mid,76,E5,69.468750,0.515625
00028,00028.mid,77,F5,70.078125,0.593750
00028,00028.mid,76,E5,70.671875,0.593750
00028,00028.mid,77,F5,71.265625,0.609375
00028,00028.mid,81,A5,71.875000,1.062500
00028,00028.mid,79,G5,73.062500,0.609375
00028,00028.mid,79,G5,73.671875,1.578125
00028,00028.mid,79,G5,75.453125,1.062500
00028,00028.mid,76,E5,76.640625,0.515625
00028,00028.mid,79,G5,77.250000,1.062500
00028,00028.mid,76,E5,78.453125,0.515625
00028,00028.mid,84,C6,79.062500,1.062500
00028,00028.mid,81,A5,80.265625,0.515625
00028,00028.mid,84,C6,80.875000,1.062500
00028,00028.mid,81,A5,82.062500,0.593750
00028,00028.mid,79,G5,82.656250,1.062500
00028,00028.mid,79,G5,83.843750,0.609375
00028,00028.mid,79,G5,84.453125,0.609375
00028,00028.mid,81,A5,85.062500,0.609375
00028,00028.mid,79,G5,85.671875,0.593750
00028,00028.mid,77,F5,86.265625,0.515625
00028,00028.mid,79,G5,86.875000,0.593750
00028,00028.mid,77,F5,87.468750,0.609375
00028,00028.mid,76,E5,88.078125,3.171875
00028,00028.mid,79,G5,91.625000,1.062500
00028,00028.mid,79,G5,92.812500,0.515625
00028,00028.mid,79,G5,93.421875,0.593750
00028,00028.mid,81,A5,94.015625,0.593750
00028,00028.mid,79,G5,94.609375,0.593750
00028,00028.mid,77,F5,95.203125,0.609375
00028,00028.mid,79,G5,95.812500,0.593750
00028,00028.mid,77,F5,96.406250,0.593750
00028,00028.mid,76,E5,97.000000,3.171875
00028,00028.mid,79,G5,100.781250,0.593750
00028,00028.mid,79,G5,101.375000,0.593750
00028,00028.mid,79,G5,101.968750,0.593750
00028,00028.mid,81,A5,102.562500,0.609375
00028,00028.mid,84,C6,103.171875,0.609375
00028,00028.mid,81,A5,103.781250,0.593750
00028,00028.mid,79,G5,104.375000,3.171875
00028,00028.mid,76,E5,107.921875,0.515625
00028,00028.mid,76,E5,108.531250,0.515625
00028,00028.mid,74,D5,109.140625,0.515625
00028,00028.mid,76,E5,109.750000,0.515625
00028,00028.mid,74,D5,110.359375,0.515625
00028,00028.mid,72,C5,110.968750,0.515625
00028,00028.mid,69,A4,111.578125,3.156250
00028,00028.mid,67,G4,115.109375,0.609375
00028,00028.mid,79,G5,115.718750,0.593750
00028,00028.mid,79,G5,116.312500,0.609375
00028,00028.mid,81,A5,116.921875,0.593750
00028,00028.mid,79,G5,117.515625,0.515625
00028,00028.mid,79,G5,118.125000,0.593750
00028,00028.mid,76,E5,118.718750,0.593750
00028,00028.mid,74,D5,119.312500,0.593750
00028,00028.mid,76,E5,119.906250,0.515625
00028,00028.mid,76,E5,120.515625,1.578125
00028,00028.mid,74,D5,122.296875,1.062500
00028,00028.mid,74,D5,123.484375,0.515625
00028,00028.mid,74,D5,124.093750,0.609375
00028,00028.mid,76,E5,124.703125,0.593750
00028,00028.mid,74,D5,125.296875,0.593750
00028,00028.mid,72,C5,125.890625,0.609375
00028,00028.mid,69,A4,126.500000,0.609375
00028,00028.mid,72,C5,127.109375,0.609375
00028,00028.mid,72,C5,127.718750,3.171875
00028,00028.mid,79,G5,131.265625,0.515625
00028,00028.mid,79,G5,131.875000,0.515625
00028,00028.mid,79,G5,132.484375,0.515625
00028,00028.mid,81,A5,133.093750,0.515625
00028,00028.mid,84,C6,133.703125,0.515625
00028,00028.mid,81,A5,134.312500,0.515625
00028,00028.mid,79,G5,134.921875,3.156250
00028,00028.mid,76,E5,138.453125,0.609375
00028,00028.mid,76,E5,139.062500,0.609375
00028,00028.mid,74,D5,139.671875,0.593750
00028,00028.mid,76,E5,140.265625,0.609375
00028,00028.mid,74,D5,140.875000,0.593750
00028,00028.mid,72,C5,141.468750,0.609375
00028,00028.mid,69,A4,142.078125,3.171875
00028,00028.mid,67,G4,145.625000,0.515625
00028,00028.mid,79,G5,146.234375,0.515625
00028,00028.mid,79,G5,146.843750,0.515625
00028,00028.mid,81,A5,147.453125,0.515625
00028,00028.mid,79,G5,148.062500,0.593750
00028,00028.mid,79,G5,148.656250,0.609375
00028,00028.mid,76,E5,149.265625,0.593750
00028,00028.mid,74,D5,149.859375,0.609375
00028,00028.mid,76,E5,150.468750,0.609375
00028,00028.mid,76,E5,151.078125,1.578125
00028,00028.mid,74,D5,152.859375,1.062500
00028,00028.mid,74,D5,154.062500,0.593750
00028,00028.mid,74,D5,154.656250,0.609375
00028,00028.mid,76,E5,155.265625,0.593750
00028,00028.mid,74,D5,155.859375,0.515625
00028,00028.mid,72,C5,156.468750,0.515625
00028,00028.mid,69,A4,157.078125,0.515625
00028,00028.mid,72,C5,157.687500,0.515625
00028,00028.mid,72,C5,158.296875,3.156250
00028,00028.mid,72,C5,161.828125,0.609375
00028,00028.mid,74,D5,162.437500,0.234375
00028,00028.mid,74,D5,162.765625,0.312500
00028,00028.mid,76,E5,163.078125,0.609375
00028,00028.mid,69,A4,163.687500,1.578125
00028,00028.mid,72,C5,165.468750,0.515625
00028,00028.mid,74,D5,166.078125,0.312500
00028,00028.mid,74,D5,166.390625,0.312500
00028,00028.mid,76,E5,166.703125,0.593750
00028,00028.mid,67,G4,167.296875,1.578125
00028,00028.mid,72,C5,169.078125,0.515625
00028,00028.mid,74,D5,169.687500,0.515625
00028,00028.mid,76,E5,170.296875,0.515625
00028,00028.mid,77,F5,170.906250,0.515625
00028,00028.mid,76,E5,171.515625,0.593750
00028,00028.mid,77,F5,172.109375,0.593750
00028,00028.mid,81,A5,172.703125,1.062500
00028,00028.mid,79,G5,173.890625,0.609375
00028,00028.mid,79,G5,174.500000,1.578125
00028,00028.mid,79,G5,176.281250,1.062500
00028,00028.mid,76,E5,177.468750,0.609375
00028,00028.mid,79,G5,178.078125,1.062500
00028,00028.mid,76,E5,179.265625,0.515625
00028,00028.mid,84,C6,179.875000,1.062500
00028,00028.mid,81,A5,181.078125,0.515625
00028,00028.mid,84,C6,181.687500,1.062500
00028,00028.mid,81,A5,182.875000,0.515625
00028,00028.mid,79,G5,183.484375,1.062500
00028,00028.mid,79,G5,184.671875,0.609375
00028,00028.mid,79,G5,185.281250,0.609375
00028,00028.mid,81,A5,185.890625,0.609375
00028,00028.mid,79,G5,186.500000,0.593750
00028,00028.mid,77,F5,187.093750,0.609375
00028,00028.mid,79,G5,187.703125,0.593750
00028,00028.mid,77,F5,188.296875,0.609375
00028,00028.mid,76,E5,188.906250,3.171875
00028,00028.mid,79,G5,192.453125,1.062500
00028,00028.mid,79,G5,193.656250,0.515625
00028,00028.mid,79,G5,194.265625,0.593750
00028,00028.mid,81,A5,194.859375,0.593750
00028,00028.mid,79,G5,195.453125,0.593750
00028,00028.mid,77,F5,196.046875,0.609375
00028,00028.mid,79,G5,196.656250,0.593750
00028,00028.mid,77,F5,197.250000,0.593750
00028,00028.mid,76,E5,197.843750,3.656250
00029,00029.mid,61,C#4,0.000000,0.750000
00029,00029.mid,61,C#4,0.750000,0.375000
00029,00029.mid,64,E4,1.125000,0.375000
00029,00029.mid,66,F#4,1.500000,0.375000
00029,00029.mid,69,A4,1.875000,0.375000
00029,00029.mid,69,A4,2.250000,0.375000
00029,00029.mid,66,F#4,2.625000,0.375000
00029,00029.mid,64,E4,3.000000,0.750000
00029,00029.mid,64,E4,3.750000,0.375000
00029,00029.mid,66,F#4,4.125000,0.375000
00029,00029.mid,64,E4,4.500000,1.500000
00029,00029.mid,61,C#4,6.000000,0.750000
00029,00029.mid,61,C#4,6.750000,0.375000
00029,00029.mid,64,E4,7.125000,0.375000
00029,00029.mid,66,F#4,7.500000,0.375000
00029,00029.mid,69,A4,7.875000,0.375000
00029,00029.mid,69,A4,8.250000,0.375000
00029,00029.mid,66,F#4,8.625000,0.375000
00029,00029.mid,64,E4,9.000000,0.750000
00029,00029.mid,64,E4,9.750000,0.375000
00029,00029.mid,66,F#4,10.125000,0.375000
00029,00029.mid,64,E4,10.500000,1.500000
00029,00029.mid,64,E4,12.000000,0.750000
00029,00029.mid,64,E4,12.750000,0.750000
00029,00029.mid,64,E4,13.500000,0.750000
00029,00029.mid,61,C#4,14.250000,0.375000
00029,00029.mid,64,E4,14.625000,0.375000
00029,00029.mid,66,F#4,15.000000,0.750000
00029,00029.mid,66,F#4,15.750000,0.750000
00029,00029.mid,64,E4,16.500000,1.500000
00029,00029.mid,61,C#4,18.000000,0.750000
00029,00029.mid,59,B3,18.750000,0.375000
00029,00029.mid,61,C#4,19.125000,0.375000
00029,00029.mid,64,E4,19.500000,0.750000
00029,00029.mid,61,C#4,20.250000,0.375000
00029,00029.mid,59,B3,20.625000,0.375000
00029,00029.mid,57,A3,21.000000,0.750000
00029,00029.mid,57,A3,21.750000,0.375000
00029,00029.mid,59,B3,22.125000,0.375000
00029,00029.mid,57,A3,22.500000,1.500000
00029,00029.mid,61,C#4,24.000000,0.375000
00029,00029.mid,59,B3,24.375000,0.375000
00029,00029.mid,57,A3,24.750000,0.375000
00029,00029.mid,61,C#4,25.125000,0.375000
00029,00029.mid,59,B3,25.500000,1.125000
00029,00029.mid,61,C#4,26.625000,0.375000
00029,00029.mid,64,E4,27.000000,0.750000
00029,00029.mid,66,F#4,27.750000,0.375000
00029,00029.mid,69,A4,28.125000,0.375000
00029,00029.mid,64,E4,28.500000,1.500000
00029,00029.mid,59,B3,30.000000,0.750000
00029,00029.mid,61,C#4,30.750000,0.375000
00029,00029.mid,64,E4,31.125000,0.375000
00029,00029.mid,59,B3,31.500000,0.375000
00029,00029.mid,61,C#4,31.875000,0.375000
00029,00029.mid,57,A3,32.250000,0.375000
00029,00029.mid,54,F#3,32.625000,0.375000
00029,00029.mid,52,E3,33.000000,1.500000
00029,00029.mid,54,F#3,34.500000,0.750000
00029,00029.mid,57,A3,35.250000,0.750000
00029,00029.mid,59,B3,36.000000,1.125000
00029,00029.mid,61,C#4,37.125000,0.375000
00029,00029.mid,57,A3,37.500000,0.375000
00029,00029.mid,59,B3,37.875000,0.375000
00029,00029.mid,57,A3,38.250000,0.375000
00029,00029.mid,54,F#3,38.625000,0.375000
00029,00029.mid,52,E3,39.000000,1.500000
00030,00030.mid,67,G4,0.000000,0.562500
00030,00030.mid,69,A4,0.562500,0.187500
00030,00030.mid,67,G4,0.750000,0.375000
00030,00030.mid,65,F4,1.125000,0.375000
00030,00030.mid,64,E4,1.500000,0.375000
00030,00030.mid,65,F4,1.875000,0.375000
00030,00030.mid,67,G4,2.250000,0.750000
00030,00030.mid,62,D4,3.000000,0.375000
00030,00030.mid,64,E4,3.375000,0.375000
00030,00030.mid,65,F4,3.750000,0.750000
00030,00030.mid,64,E4,4.500000,0.375000
00030,00030.mid,65,F4,4.875000,0.375000
00030,00030.mid,67,G4,5.250000,0.750000
00030,00030.mid,67,G4,6.000000,0.562500
00030,00030.mid,69,A4,6.562500,0.187500
00030,00030.mid,67,G4,6.750000,0.375000
00030,00030.mid,65,F4,7.125000,0.375000
00030,00030.mid,64,E4,7.500000,0.375000
00030,00030.mid,65,F4,7.875000,0.375000
00030,00030.mid,67,G4,8.250000,0.750000
00030,00030.mid,62,D4,9.000000,0.750000
00030,00030.mid,67,G4,9.750000,0.750000
00030,00030.mid,64,E4,10.500000,0.375000
00030,00030.mid,60,C4,10.875000,0.375000
00030,00030.mid,60,C4,11.250000,0.750000
00031,00031.mid,60,C4,0.000000,0.500000
00031,00031.mid,64,E4,0.500000,0.500000
00031,00031.mid,62,D4,1.000000,0.250000
00031,00031.mid,64,E4,1.250000,0.250000
00031,00031.mid,62,D4,1.500000,0.250000
00031,00031.mid,60,C4,1.750000,0.250000
00031,00031.mid,67,G4,2.000000,0.500000
00031,00031.mid,67,G4,2.500000,0.500000
00031,00031.mid,67,G4,3.000000,1.000000
00031,00031.mid,69,A4,4.000000,0.500000
00031,00031.mid,67,G4,4.500000,0.500000
00031,00031.mid,64,E4,5.000000,0.250000
00031,00031.mid,67,G4,5.250000,0.250000
00031,00031.mid,64,E4,5.500000,0.250000
00031,00031.mid,62,D4,5.750000,0.250000
00031,00031.mid,60,C4,6.000000,0.500000
00031,00031.mid,60,C4,6.500000,0.500000
00031,00031.mid,60,C4,7.000000,1.000000
00031,00031.mid,60,C4,8.000000,0.500000
00031,00031.mid,72,C5,8.500000,0.500000
00031,00031.mid,69,A4,9.000000,0.250000
00031,00031.mid,72,C5,9.250000,0.250000
00031,00031.mid,69,A4,9.500000,0.250000
00031,00031.mid,67,G4,9.750000,0.250000
00031,00031.mid,69,A4,10.000000,0.500000
00031,00031.mid,67,G4,10.500000,0.500000
00031,00031.mid,64,E4,11.000000,0.750000
00031,00031.mid,62,D4,11.750000,0.250000
00031,00031.mid,60,C4,12.000000,0.500000
00031,00031.mid,67,G4,12.500000,0.500000
00031,00031.mid,64,E4,13.000000,0.250000
00031,00031.mid,62,D4,13.250000,0.250000
00031,00031.mid,64,E4,13.500000,0.250000
00031,00031.mid,62,D4,13.750000,0.250000
00031,00031.mid,60,C4,14.000000,0.500000
00031,00031.mid,60,C4,14.500000,0.500000
00031,00031.mid,60,C4,15.000000,1.000000
00032,00032.mid,81,A5,0.000000,0.562500
00032,00032.mid,81,A5,0.656250,0.484375
00032,00032.mid,79,G5,1.140625,0.171875
00032,00032.mid,81,A5,1.312500,0.328125
00032,00032.mid,79,G5,1.640625,0.328125
00032,00032.mid,76,E5,1.968750,0.656250
00032,00032.mid,79,G5,2.625000,0.328125
00032,00032.mid,76,E5,2.953125,0.234375
00032,00032.mid,76,E5,3.296875,0.343750
00032,00032.mid,74,D5,3.640625,0.343750
00032,00032.mid,76,E5,3.984375,1.281250
00032,00032.mid,74,D5,5.265625,0.546875
00032,00032.mid,74,D5,5.906250,0.500000
00032,00032.mid,72,C5,6.406250,0.171875
00032,00032.mid,74,D5,6.578125,0.250000
00032,00032.mid,74,D5,6.921875,0.234375
00032,00032.mid,79,G5,7.250000,0.656250
00032,00032.mid,79,G5,7.906250,0.343750
00032,00032.mid,76,E5,8.250000,0.218750
00032,00032.mid,76,E5,8.578125,0.328125
00032,00032.mid,74,D5,8.906250,0.343750
00032,00032.mid,76,E5,9.250000,1.281250
00032,00032.mid,81,A5,10.531250,0.515625
00032,00032.mid,81,A5,11.187500,0.484375
00032,00032.mid,79,G5,11.671875,0.171875
00032,00032.mid,81,A5,11.843750,0.328125
00032,00032.mid,79,G5,12.171875,0.328125
00032,00032.mid,76,E5,12.500000,0.656250
00032,00032.mid,77,F5,13.156250,0.234375
00032,00032.mid,77,F5,13.484375,0.171875
00032,00032.mid,77,F5,13.656250,0.171875
00032,00032.mid,76,E5,13.828125,0.343750
00032,00032.mid,74,D5,14.171875,0.343750
00032,00032.mid,76,E5,14.515625,1.281250
00032,00032.mid,79,G5,15.796875,0.640625
00032,00032.mid,79,G5,16.437500,0.421875
00032,00032.mid,79,G5,16.937500,0.093750
00032,00032.mid,79,G5,17.109375,0.234375
00032,00032.mid,79,G5,17.437500,0.328125
00032,00032.mid,79,G5,17.765625,0.343750
00032,00032.mid,83,B5,18.109375,0.343750
00032,00032.mid,81,A5,18.453125,0.343750
00032,00032.mid,81,A5,18.796875,0.171875
00032,00032.mid,81,A5,18.968750,0.093750
00032,00032.mid,81,A5,19.140625,0.328125
00032,00032.mid,79,G5,19.468750,0.328125
00032,00032.mid,81,A5,19.796875,1.281250
00032,00032.mid,84,C6,21.078125,0.546875
00032,00032.mid,84,C6,21.734375,0.234375
00032,00032.mid,84,C6,22.062500,0.343750
00032,00032.mid,83,B5,22.406250,0.500000
00032,00032.mid,81,A5,22.906250,0.171875
00032,00032.mid,79,G5,23.078125,0.640625
00032,00032.mid,81,A5,23.718750,0.343750
00032,00032.mid,81,A5,24.062500,0.093750
00032,00032.mid,81,A5,24.234375,0.093750
00032,00032.mid,81,A5,24.406250,0.343750
00032,00032.mid,79,G5,24.750000,0.343750
00032,00032.mid,81,A5,25.093750,0.484375
00032,00032.mid,79,G5,25.578125,0.171875
00032,00032.mid,76,E5,25.750000,0.640625
00032,00032.mid,79,G5,26.390625,0.656250
00032,00032.mid,79,G5,27.046875,0.406250
00032,00032.mid,79,G5,27.546875,0.171875
00032,00032.mid,79,G5,27.718750,0.234375
00032,00032.mid,79,G5,28.046875,0.343750
00032,00032.mid,79,G5,28.390625,0.343750
00032,00032.mid,83,B5,28.734375,0.343750
00032,00032.mid,81,A5,29.078125,0.250000
00032,00032.mid,81,A5,29.421875,0.093750
00032,00032.mid,81,A5,29.593750,0.093750
00032,00032.mid,81,A5,29.781250,0.328125
00032,00032.mid,79,G5,30.109375,0.328125
00032,00032.mid,81,A5,30.437500,1.281250
00032,00032.mid,81,A5,33.937500,0.562500
00032,00032.mid,81,A5,34.593750,0.484375
00032,00032.mid,79,G5,35.078125,0.171875
00032,00032.mid,81,A5,35.250000,0.343750
00032,00032.mid,79,G5,35.593750,0.328125
00032,00032.mid,76,E5,35.921875,0.656250
00032,00032.mid,79,G5,36.578125,0.328125
00032,00032.mid,76,E5,36.906250,0.234375
00032,00032.mid,76,E5,37.250000,0.343750
00032,00032.mid,74,D5,37.593750,0.343750
00032,00032.mid,76,E5,37.937500,1.296875
00032,00032.mid,74,D5,39.234375,0.546875
00032,00032.mid,74,D5,39.875000,0.500000
00032,00032.mid,72,C5,40.375000,0.171875
00032,00032.mid,74,D5,40.546875,0.250000
00032,00032.mid,74,D5,40.890625,0.234375
00032,00032.mid,79,G5,41.218750,0.656250
00032,00032.mid,79,G5,41.875000,0.343750
00032,00032.mid,76,E5,42.218750,0.218750
00032,00032.mid,76,E5,42.546875,0.328125
00032,00032.mid,74,D5,42.875000,0.343750
00032,00032.mid,76,E5,43.218750,1.281250
00032,00032.mid,81,A5,44.500000,0.515625
00032,00032.mid,81,A5,45.156250,0.484375
00032,00032.mid,79,G5,45.640625,0.171875
00032,00032.mid,81,A5,45.812500,0.328125
00032,00032.mid,79,G5,46.140625,0.328125
00032,00032.mid,76,E5,46.468750,0.656250
00032,00032.mid,77,F5,47.125000,0.234375
00032,00032.mid,77,F5,47.453125,0.171875
00032,00032.mid,77,F5,47.625000,0.171875
00032,00032.mid,76,E5,47.796875,0.343750
00032,00032.mid,74,D5,48.140625,0.343750
00032,00032.mid,76,E5,48.484375,1.281250
00032,00032.mid,79,G5,49.765625,0.640625
00032,00032.mid,79,G5,50.406250,0.421875
00032,00032.mid,79,G5,50.906250,0.093750
00032,00032.mid,79,G5,51.078125,0.234375
00032,00032.mid,79,G5,51.406250,0.328125
00032,00032.mid,79,G5,51.734375,0.343750
00032,00032.mid,83,B5,52.078125,0.343750
00032,00032.mid,81,A5,52.421875,0.343750
00032,00032.mid,81,A5,52.765625,0.171875
00032,00032.mid,81,A5,52.937500,0.093750
00032,00032.mid,81,A5,53.109375,0.328125
00032,00032.mid,79,G5,53.437500,0.328125
00032,00032.mid,81,A5,53.765625,1.296875
00032,00032.mid,84,C6,55.062500,0.531250
00032,00032.mid,84,C6,55.703125,0.234375
00032,00032.mid,84,C6,56.031250,0.343750
00032,00032.mid,83,B5,56.375000,0.500000
00032,00032.mid,81,A5,56.875000,0.171875
00032,00032.mid,79,G5,57.046875,0.656250
00032,00032.mid,81,A5,57.703125,0.328125
00032,00032.mid,81,A5,58.031250,0.093750
00032,00032.mid,81,A5,58.203125,0.093750
00032,00032.mid,81,A5,58.375000,0.343750
00032,00032.mid,79,G5,58.718750,0.343750
00032,00032.mid,81,A5,59.062500,0.500000
00032,00032.mid,79,G5,59.562500,0.156250
00032,00032.mid,76,E5,59.718750,0.640625
00032,00032.mid,79,G5,60.359375,0.656250
00032,00032.mid,79,G5,61.015625,0.406250
00032,00032.mid,79,G5,61.515625,0.171875
00032,00032.mid,79,G5,61.687500,0.234375
00032,00032.mid,79,G5,62.015625,0.343750
00032,00032.mid,79,G5,62.359375,0.343750
00032,00032.mid,83,B5,62.703125,0.343750
00032,00032.mid,81,A5,63.046875,0.250000
00032,00032.mid,81,A5,63.390625,0.093750
00032,00032.mid,81,A5,63.562500,0.093750
00032,00032.mid,81,A5,63.750000,0.328125
00032,00032.mid,79,G5,64.078125,0.328125
00032,00032.mid,81,A5,64.406250,1.281250
00032,00032.mid,81,A5,66.125000,0.562500
00032,00032.mid,81,A5,66.781250,0.484375
00032,00032.mid,79,G5,67.265625,0.171875
00032,00032.mid,81,A5,67.437500,0.343750
00032,00032.mid,79,G5,67.781250,0.328125
00032,00032.mid,76,E5,68.109375,0.656250
00032,00032.mid,79,G5,68.765625,0.328125
00032,00032.mid,76,E5,69.093750,0.234375
00032,00032.mid,76,E5,69.437500,0.343750
00032,00032.mid,74,D5,69.781250,0.343750
00032,00032.mid,76,E5,70.125000,1.281250
00032,00032.mid,74,D5,71.406250,0.546875
00032,00032.mid,74,D5,72.046875,0.500000
00032,00032.mid,72,C5,72.546875,0.171875
00032,00032.mid,74,D5,72.718750,0.250000
00032,00032.mid,74,D5,73.062500,0.234375
00032,00032.mid,79,G5,73.390625,0.656250
00032,00032.mid,79,G5,74.046875,0.343750
00032,00032.mid,76,E5,74.390625,0.218750
00032,00032.mid,76,E5,74.718750,0.328125
00032,00032.mid,74,D5,75.046875,0.343750
00032,00032.mid,76,E5,75.390625,1.281250
00032,00032.mid,81,A5,76.671875,0.515625
00032,00032.mid,81,A5,77.328125,0.484375
00032,00032.mid,79,G5,77.812500,0.171875
00032,00032.mid,81,A5,77.984375,0.328125
00032,00032.mid,79,G5,78.312500,0.328125
00032,00032.mid,76,E5,78.640625,0.656250
00032,00032.mid,77,F5,79.296875,0.234375
00032,00032.mid,77,F5,79.625000,0.171875
00032,00032.mid,77,F5,79.796875,0.171875
00032,00032.mid,76,E5,79.968750,0.343750
00032,00032.mid,74,D5,80.312500,0.343750
00032,00032.mid,76,E5,80.656250,1.281250
00032,00032.mid,79,G5,81.937500,0.640625
00032,00032.mid,79,G5,82.578125,0.421875
00032,00032.mid,79,G5,83.078125,0.093750
00032,00032.mid,79,G5,83.250000,0.234375
00032,00032.mid,79,G5,83.578125,0.328125
00032,00032.mid,79,G5,83.906250,0.343750
00032,00032.mid,83,B5,84.250000,0.343750
00032,00032.mid,81,A5,84.593750,0.343750
00032,00032.mid,81,A5,84.937500,0.171875
00032,00032.mid,81,A5,85.109375,0.093750
00032,00032.mid,81,A5,85.281250,0.328125
00032,00032.mid,79,G5,85.609375,0.328125
00032,00032.mid,81,A5,85.937500,1.281250
00032,00032.mid,84,C6,87.218750,0.546875
00032,00032.mid,84,C6,87.875000,0.234375
00032,00032.mid,84,C6,88.203125,0.343750
00032,00032.mid,83,B5,88.546875,0.500000
00032,00032.mid,81,A5,89.046875,0.171875
00032,00032.mid,79,G5,89.218750,0.656250
00032,00032.mid,81,A5,89.875000,0.328125
00032,00032.mid,81,A5,90.203125,0.093750
00032,00032.mid,81,A5,90.375000,0.093750
00032,00032.mid,81,A5,90.546875,0.343750
00032,00032.mid,79,G5,90.890625,0.343750
00032,00032.mid,81,A5,91.234375,0.500000
00032,00032.mid,79,G5,91.734375,0.171875
00032,00032.mid,76,E5,91.906250,0.640625
00032,00032.mid,79,G5,92.546875,0.656250
00032,00032.mid,79,G5,93.203125,0.406250
00032,00032.mid,79,G5,93.703125,0.171875
00032,00032.mid,79,G5,93.875000,0.234375
00032,00032.mid,79,G5,94.203125,0.343750
00032,00032.mid,79,G5,94.546875,0.343750
00032,00032.mid,83,B5,94.890625,0.343750
00032,00032.mid,81,A5,95.234375,0.250000
00032,00032.mid,81,A5,95.578125,0.093750
00032,00032.mid,81,A5,95.750000,0.093750
00032,00032.mid,81,A5,95.937500,0.328125
00032,00032.mid,79,G5,96.265625,0.328125
00032,00032.mid,81,A5,96.593750,1.281250
00032,00032.mid,84,C6,97.875000,0.531250
00032,00032.mid,84,C6,98.531250,0.234375
00032,00032.mid,84,C6,98.859375,0.328125
00032,00032.mid,83,B5,99.187500,0.500000
00032,00032.mid,81,A5,99.687500,0.171875
00032,00032.mid,79,G5,99.859375,0.656250
00032,00032.mid,81,A5,100.515625,0.250000
00032,00032.mid,81,A5,100.859375,0.093750
00032,00032.mid,81,A5,101.031250,0.093750
00032,00032.mid,81,A5,101.203125,0.343750
00032,00032.mid,79,G5,101.546875,0.343750
00032,00032.mid,81,A5,101.890625,0.312500
00032,00032.mid,79,G5,102.375000,0.171875
00032,00032.mid,76,E5,102.546875,0.640625
00032,00032.mid,79,G5,103.187500,0.484375
00032,00032.mid,79,G5,103.843750,0.328125
00032,00032.mid,79,G5,104.343750,0.093750
00032,00032.mid,79,G5,104.515625,0.265625
00032,00032.mid,79,G5,104.859375,0.343750
00032,00032.mid,79,G5,105.203125,0.343750
00032,00032.mid,83,B5,105.546875,0.328125
00032,00032.mid,81,A5,105.875000,0.250000
00032,00032.mid,81,A5,106.218750,0.093750
00032,00032.mid,81,A5,106.390625,0.093750
00032,00032.mid,81,A5,106.562500,0.343750
00032,00032.mid,79,G5,106.906250,0.343750
00032,00032.mid,81,A5,107.250000,1.281250
00032,00032.mid,79,G5,108.531250,0.484375
00032,00032.mid,79,G5,109.187500,0.328125
00032,00032.mid,79,G5,109.687500,0.093750
00032,00032.mid,79,G5,109.859375,0.265625
00032,00032.mid,79,G5,110.203125,0.343750
00032,00032.mid,79,G5,110.546875,0.343750
00032,00032.mid,83,B5,110.890625,0.328125
00032,00032.mid,81,A5,111.218750,0.250000
00032,00032.mid,81,A5,111.562500,0.093750
00032,00032.mid,81,A5,111.734375,0.093750
00032,00032.mid,81,A5,111.906250,0.343750
00032,00032.mid,79,G5,112.250000,0.343750
00032,00032.mid,81,A5,112.593750,1.281250
00032,00032.mid,79,G5,113.875000,0.484375
00032,00032.mid,79,G5,114.531250,0.328125
00032,00032.mid,79,G5,115.031250,0.093750
00032,00032.mid,79,G5,115.203125,0.265625
00032,00032.mid,79,G5,115.546875,0.343750
00032,00032.mid,79,G5,115.890625,0.343750
00032,00032.mid,83,B5,116.234375,0.328125
00032,00032.mid,81,A5,116.562500,0.250000
00032,00032.mid,81,A5,116.906250,0.093750
00032,00032.mid,81,A5,117.078125,0.093750
00032,00032.mid,81,A5,117.250000,0.343750
00032,00032.mid,79,G5,117.593750,0.343750
00032,00032.mid,81,A5,117.937500,3.328125
00033,00033.mid,66,F#4,0.000000,0.461538
00033,00033.mid,64,E4,0.461538,0.230769
00033,00033.mid,66,F#4,0.692307,0.230769
00033,00033.mid,69,A4,0.923076,0.461538
00033,00033.mid,66,F#4,1.384614,0.230769
00033,00033.mid,64,E4,1.615383,0.230769
00033,00033.mid,66,F#4,1.846152,1.384614
00033,00033.mid,64,E4,3.692304,0.692307
00033,00033.mid,59,B3,4.384611,0.230769
00033,00033.mid,62,D4,4.615380,0.230769
00033,00033.mid,64,E4,4.846149,0.115385
00033,00033.mid,62,D4,4.961533,0.115384
00033,00033.mid,59,B3,5.076918,0.230769
00033,00033.mid,57,A3,5.307687,0.230769
00033,00033.mid,59,B3,5.538456,1.384614
00033,00033.mid,71,B4,7.384608,0.230769
00033,00033.mid,71,B4,7.615377,0.230769
00033,00033.mid,71,B4,7.846146,0.230769
00033,00033.mid,69,A4,8.076915,0.230769
00033,00033.mid,66,F#4,8.307684,0.461538
00033,00033.mid,66,F#4,8.769222,0.461538
00033,00033.mid,66,F#4,9.230760,0.461538
00033,00033.mid,64,E4,9.692298,0.230769
00033,00033.mid,66,F#4,9.923067,0.230769
00033,00033.mid,62,D4,10.153836,0.461538
00033,00033.mid,59,B3,10.615374,0.461538
00033,00033.mid,64,E4,11.076912,0.230769
00033,00033.mid,64,E4,11.307681,0.230769
00033,00033.mid,64,E4,11.538450,0.230769
00033,00033.mid,66,F#4,11.769219,0.230769
00033,00033.mid,69,A4,11.999988,0.461538
00033,00033.mid,66,F#4,12.461526,0.461538
00033,00033.mid,64,E4,12.923064,0.230769
00033,00033.mid,66,F#4,13.153833,0.230769
00033,00033.mid,64,E4,13.384602,0.230769
00033,00033.mid,62,D4,13.615371,0.230769
00033,00033.mid,62,D4,13.846140,0.230769
00033,00033.mid,59,B3,14.076909,0.461538
00033,00033.mid,57,A3,14.538447,0.230769
00033,00033.mid,59,B3,14.769216,1.384614
00033,00033.mid,59,B3,16.615368,0.230769
00033,00033.mid,62,D4,16.846137,0.230769
00033,00033.mid,57,A3,17.076906,0.230769
00033,00033.mid,59,B3,17.307675,0.230769
00033,00033.mid,64,E4,17.538444,0.230769
00033,00033.mid,66,F#4,17.769213,0.230769
00033,00033.mid,62,D4,17.999982,0.230769
00033,00033.mid,64,E4,18.230751,0.230769
00033,00033.mid,66,F#4,18.461520,1.384614
00033,00033.mid,64,E4,20.307672,0.692307
00033,00033.mid,59,B3,20.999979,0.230769
00033,00033.mid,62,D4,21.230748,0.230769
00033,00033.mid,64,E4,21.461517,0.115385
00033,00033.mid,62,D4,21.576901,0.115385
00033,00033.mid,59,B3,21.692286,0.230769
00033,00033.mid,57,A3,21.923055,0.230769
00033,00033.mid,59,B3,22.153824,1.384614
00033,00033.mid,71,B4,23.999976,0.230769
00033,00033.mid,71,B4,24.230745,0.230769
00033,00033.mid,71,B4,24.461514,0.230769
00033,00033.mid,69,A4,24.692283,0.230769
00033,00033.mid,66,F#4,24.923052,0.461538
00033,00033.mid,66,F#4,25.384590,0.461538
00033,00033.mid,66,F#4,25.846128,0.461538
00033,00033.mid,64,E4,26.307666,0.230769
00033,00033.mid,66,F#4,26.538435,0.230769
00033,00033.mid,62,D4,26.769204,0.461538
00033,00033.mid,59,B3,27.230742,0.461538
00033,00033.mid,64,E4,27.692280,0.230769
00033,00033.mid,64,E4,27.923049,0.230769
00033,00033.mid,64,E4,28.153818,0.230769
00033,00033.mid,66,F#4,28.384587,0.230769
00033,00033.mid,69,A4,28.615356,0.461538
00033,00033.mid,66,F#4,29.076894,0.461538
00033,00033.mid,64,E4,29.538432,0.230769
00033,00033.mid,66,F#4,29.769201,0.230769
00033,00033.mid,64,E4,29.999970,0.230769
00033,00033.mid,62,D4,30.230739,0.230769
00033,00033.mid,62,D4,30.461508,0.230769
00033,00033.mid,59,B3,30.692277,0.461538
00033,00033.mid,57,A3,31.153815,0.230769
00033,00033.mid,59,B3,31.384584,0.923076
00034,00034.mid,60,C4,1.800000,0.300000
00034,00034.mid,62,D4,2.100000,0.300000
00034,00034.mid,64,E4,2.400000,0.900000
00034,00034.mid,65,F4,3.300000,0.300000
00034,00034.mid,65,F4,3.600000,0.900000
00034,00034.mid,67,G4,4.500000,0.300000
00034,00034.mid,67,G4,4.800000,1.200000
00034,00034.mid,64,E4,6.000000,0.600000
00034,00034.mid,67,G4,6.600000,0.300000
00034,00034.mid,67,G4,6.900000,0.300000
00034,00034.mid,65,F4,7.200000,0.900000
00034,00034.mid,64,E4,8.100000,0.300000
00034,00034.mid,65,F4,8.400000,0.600000
00034,00034.mid,62,D4,9.000000,0.600000
00034,00034.mid,64,E4,9.600000,1.500000
00034,00034.mid,60,C4,11.400000,0.300000
00034,00034.mid,62,D4,11.700000,0.300000
00034,00034.mid,64,E4,12.000000,0.900000
00034,00034.mid,65,F4,12.900000,0.300000
00034,00034.mid,65,F4,13.200000,0.900000
00034,00034.mid,67,G4,14.100000,0.300000
00034,00034.mid,67,G4,14.400000,1.200000
00034,00034.mid,64,E4,15.600000,0.600000
00034,00034.mid,67,G4,16.200000,0.600000
00034,00034.mid,65,F4,16.800000,0.900000
00034,00034.mid,64,E4,17.700000,0.300000
00034,00034.mid,65,F4,18.000000,0.600000
00034,00034.mid,62,D4,18.600000,0.600000
00034,00034.mid,60,C4,19.200000,1.500000
00034,00034.mid,67,G4,21.000000,0.300000
00034,00034.mid,67,G4,21.300000,0.300000
00034,00034.mid,72,C5,21.600000,0.900000
00034,00034.mid,71,B4,22.500000,0.300000
00034,00034.mid,69,A4,22.800000,0.900000
00034,00034.mid,67,G4,23.700000,0.300000
00034,00034.mid,67,G4,24.000000,1.200000
00034,00034.mid,64,E4,25.200000,0.600000
00034,00034.mid,67,G4,25.800000,0.300000
00034,00034.mid,67,G4,26.100000,0.300000
00034,00034.mid,65,F4,26.400000,0.900000
00034,00034.mid,64,E4,27.300000,0.300000
00034,00034.mid,65,F4,27.600000,0.600000
00034,00034.mid,62,D4,28.200000,0.600000
00034,00034.mid,64,E4,28.800000,1.500000
00034,00034.mid,67,G4,30.600000,0.300000
00034,00034.mid,67,G4,30.900000,0.300000
00034,00034.mid,72,C5,31.200000,0.900000
00034,00034.mid,71,B4,32.100000,0.300000
00034,00034.mid,69,A4,32.400000,0.900000
00034,00034.mid,67,G4,33.300000,0.300000
00034,00034.mid,67,G4,33.600000,1.200000
00034,00034.mid,64,E4,34.800000,0.600000
00034,00034.mid,67,G4,35.400000,0.300000
00034,00034.mid,67,G4,35.700000,0.300000
00034,00034.mid,65,F4,36.000000,0.900000
00034,00034.mid,64,E4,36.900000,0.300000
00034,00034.mid,65,F4,37.200000,0.600000
00034,00034.mid,62,D4,37.800000,0.600000
00034,00034.mid,60,C4,38.400000,2.100000
00034,00034.mid,67,G4,40.800000,2.400000
00034,00034.mid,65,F4,43.200000,1.200000
00034,00034.mid,62,D4,44.400000,1.200000
00034,00034.mid,60,C4,45.600000,1.200000
00034,00034.mid,62,D4,46.800000,1.200000
00034,00034.mid,64,E4,48.000000,1.500000
00034,00034.mid,67,G4,49.800000,0.600000
00034,00034.mid,72,C5,50.400000,0.900000
00034,00034.mid,71,B4,51.300000,0.300000
00034,00034.mid,69,A4,51.600000,0.900000
00034,00034.mid,67,G4,52.500000,0.300000
00034,00034.mid,67,G4,52.800000,1.200000
00034,00034.mid,64,E4,54.000000,0.600000
00034,00034.mid,67,G4,54.600000,0.300000
00034,00034.mid,67,G4,54.900000,0.300000
00034,00034.mid,65,F4,55.200000,0.900000
00034,00034.mid,64,E4,56.100000,0.300000
00034,00034.mid,65,F4,56.400000,0.600000
00034,00034.mid,62,D4,57.000000,0.600000
00034,00034.mid,60,C4,57.600000,1.800000
00035,00035.mid,72,C5,0.000000,0.666667
00035,00035.mid,72,C5,0.666667,0.333334
00035,00035.mid,67,G4,1.000001,0.666667
00035,00035.mid,67,G4,1.666667,0.333334
00035,00035.mid,64,E4,2.000001,0.333333
00035,00035.mid,65,F4,2.333334,0.333334
00035,00035.mid,69,A4,2.666668,0.333334
00035,00035.mid,67,G4,3.000002,0.833334
00035,00035.mid,67,G4,4.000002,0.333334
00035,00035.mid,69,A4,4.333336,0.333333
00035,00035.mid,67,G4,4.666669,0.333334
00035,00035.mid,65,F4,5.000002,0.333334
00035,00035.mid,67,G4,5.333336,0.333334
00035,00035.mid,65,F4,5.666670,0.333334
00035,00035.mid,64,E4,6.000003,0.666667
00035,00035.mid,60,C4,6.666670,0.333334
00035,00035.mid,62,D4,7.000004,0.833334
00035,00035.mid,60,C4,8.000004,0.666667
00035,00035.mid,60,C4,8.666671,0.333334
00035,00035.mid,60,C4,9.000005,0.666667
00035,00035.mid,69,A4,9.666671,0.333334
00035,00035.mid,67,G4,10.000005,1.666668
00035,00035.mid,69,A4,12.000006,0.666667
00035,00035.mid,67,G4,12.666673,0.333333
00035,00035.mid,64,E4,13.000006,0.666667
00035,00035.mid,60,C4,13.666673,0.333334
00035,00035.mid,62,D4,14.000007,1.666668
00035,00035.mid,60,C4,16.000008,0.666667
00035,00035.mid,64,E4,16.666675,0.333333
00035,00035.mid,67,G4,17.000008,0.833334
00035,00035.mid,72,C5,18.000009,0.666667
00035,00035.mid,71,B4,18.666676,0.333334
00035,00035.mid,69,A4,19.000010,0.833334
00035,00035.mid,67,G4,20.000010,0.333334
00035,00035.mid,69,A4,20.333344,0.333333
00035,00035.mid,67,G4,20.666677,0.333334
00035,00035.mid,64,E4,21.000011,0.666667
00035,00035.mid,60,C4,21.666678,0.333333
00035,00035.mid,62,D4,22.000011,0.666667
00035,00035.mid,67,G4,22.666678,0.333333
00035,00035.mid,60,C4,23.000011,1.000001
00036,00036.mid,60,C4,1.125000,0.187500
00036,00036.mid,62,D4,1.312500,0.187500
00036,00036.mid,64,E4,1.500000,0.375000
00036,00036.mid,67,G4,1.875000,0.375000
00036,00036.mid,67,G4,2.250000,0.562500
00036,00036.mid,69,A4,2.812500,0.187500
00036,00036.mid,67,G4,3.000000,0.375000
00036,00036.mid,64,E4,3.375000,0.375000
00036,00036.mid,60,C4,3.750000,0.562500
00036,00036.mid,62,D4,4.312500,0.187500
00036,00036.mid,64,E4,4.500000,0.375000
00036,00036.mid,64,E4,4.875000,0.375000
00036,00036.mid,62,D4,5.250000,0.375000
00036,00036.mid,60,C4,5.625000,0.375000
00036,00036.mid,62,D4,6.000000,1.125000
00036,00036.mid,60,C4,7.125000,0.187500
00036,00036.mid,62,D4,7.312500,0.187500
00036,00036.mid,64,E4,7.500000,0.375000
00036,00036.mid,67,G4,7.875000,0.375000
00036,00036.mid,67,G4,8.250000,0.562500
00036,00036.mid,69,A4,8.812500,0.187500
00036,00036.mid,67,G4,9.000000,0.375000
00036,00036.mid,64,E4,9.375000,0.375000
00036,00036.mid,60,C4,9.750000,0.562500
00036,00036.mid,62,D4,10.312500,0.187500
00036,00036.mid,64,E4,10.500000,0.375000
00036,00036.mid,64,E4,10.875000,0.375000
00036,00036.mid,62,D4,11.250000,0.375000
00036,00036.mid,62,D4,11.625000,0.375000
00036,00036.mid,60,C4,12.000000,1.500000
00037,00037.mid,61,C#4,0.500000,0.250000
00037,00037.mid,64,E4,0.750000,0.250000
00037,00037.mid,64,E4,1.000000,0.500000
00037,00037.mid,64,E4,1.500000,0.250000
00037,00037.mid,61,C#4,1.750000,0.250000
00037,00037.mid,66,F#4,2.000000,0.250000
00037,00037.mid,66,F#4,2.250000,0.250000
00037,00037.mid,68,G#4,2.500000,0.250000
00037,00037.mid,66,F#4,2.750000,0.500000
00037,00037.mid,66,F#4,3.250000,0.250000
00037,00037.mid,66,F#4,3.500000,0.250000
00037,00037.mid,64,E4,3.750000,0.250000
00037,00037.mid,69,A4,4.000000,0.500000
00037,00037.mid,69,A4,4.500000,0.500000
00037,00037.mid,69,A4,5.000000,0.250000
00037,00037.mid,66,F#4,5.250000,0.250000
00037,00037.mid,69,A4,5.500000,0.250000
00037,00037.mid,66,F#4,5.750000,0.250000
00037,00037.mid,64,E4,6.000000,2.000000
00037,00037.mid,61,C#4,8.500000,0.250000
00037,00037.mid,64,E4,8.750000,0.250000
00037,00037.mid,64,E4,9.000000,0.750000
00037,00037.mid,61,C#4,9.750000,0.250000
00037,00037.mid,66,F#4,10.000000,0.250000
00037,00037.mid,66,F#4,10.250000,0.250000
00037,00037.mid,68,G#4,10.500000,0.250000
00037,00037.mid,66,F#4,10.750000,0.500000
00037,00037.mid,66,F#4,11.250000,0.250000
00037,00037.mid,66,F#4,11.500000,0.250000
00037,00037.mid,64,E4,11.750000,0.250000
00037,00037.mid,69,A4,12.000000,0.500000
00037,00037.mid,69,A4,12.500000,0.250000
00037,00037.mid,69,A4,12.750000,0.250000
00037,00037.mid,69,A4,13.000000,0.250000
00037,00037.mid,66,F#4,13.250000,0.250000
00037,00037.mid,66,F#4,13.500000,0.250000
00037,00037.mid,69,A4,13.750000,0.250000
00037,00037.mid,71,B4,14.000000,2.000000
00037,00037.mid,76,E5,16.000000,0.250000
00037,00037.mid,76,E5,16.250000,0.500000
00037,00037.mid,76,E5,16.750000,0.500000
00037,00037.mid,76,E5,17.250000,0.250000
00037,00037.mid,73,C#5,17.500000,0.250000
00037,00037.mid,71,B4,17.750000,0.250000
00037,00037.mid,69,A4,18.000000,0.250000
00037,00037.mid,69,A4,18.250000,0.500000
00037,00037.mid,66,F#4,18.750000,0.500000
00037,00037.mid,69,A4,19.250000,0.250000
00037,00037.mid,66,F#4,19.500000,0.250000
00037,00037.mid,69,A4,19.750000,0.250000
00037,00037.mid,71,B4,20.000000,0.250000
00037,00037.mid,71,B4,20.250000,0.250000
00037,00037.mid,71,B4,20.500000,0.250000
00037,00037.mid,71,B4,20.750000,0.250000
00037,00037.mid,71,B4,21.000000,0.250000
00037,00037.mid,69,A4,21.250000,0.250000
00037,00037.mid,73,C#5,21.500000,0.250000
00037,00037.mid,71,B4,21.750000,0.250000
00037,00037.mid,71,B4,22.000000,2.000000
00037,00037.mid,73,C#5,24.000000,0.250000
00037,00037.mid,73,C#5,24.250000,0.500000
00037,00037.mid,73,C#5,24.750000,0.250000
00037,00037.mid,73,C#5,25.000000,0.250000
00037,00037.mid,71,B4,25.250000,0.250000
00037,00037.mid,71,B4,25.500000,0.500000
00037,00037.mid,69,A4,26.000000,0.250000
00037,00037.mid,69,A4,26.250000,0.500000
00037,00037.mid,69,A4,26.750000,0.250000
00037,00037.mid,71,B4,27.000000,0.250000
00037,00037.mid,69,A4,27.250000,0.250000
00037,00037.mid,66,F#4,27.500000,0.250000
00037,00037.mid,64,E4,27.750000,0.250000
00037,00037.mid,64,E4,28.000000,0.250000
00037,00037.mid,64,E4,28.250000,0.500000
00037,00037.mid,64,E4,28.750000,0.250000
00037,00037.mid,66,F#4,29.000000,0.250000
00037,00037.mid,64,E4,29.250000,0.250000
00037,00037.mid,71,B4,29.500000,0.250000
00037,00037.mid,73,C#5,29.750000,0.250000
00037,00037.mid,69,A4,30.000000,2.000000
00038,00038.mid,70,A#4,0.000000,0.343750
00038,00038.mid,72,C5,0.343750,0.343750
00038,00038.mid,75,D#5,0.687500,1.000000
00038,00038.mid,77,F5,1.687500,0.343750
00038,00038.mid,79,G5,2.031250,0.671875
00038,00038.mid,82,A#5,2.703125,0.234375
00038,00038.mid,82,A#5,3.062500,0.343750
00038,00038.mid,84,C6,3.406250,1.000000
00038,00038.mid,82,A#5,4.406250,0.359375
00038,00038.mid,79,G5,4.765625,0.687500
00038,00038.mid,77,F5,5.453125,0.171875
00038,00038.mid,79,G5,5.625000,0.171875
00038,00038.mid,77,F5,5.796875,0.343750
00038,00038.mid,75,D#5,6.140625,1.015625
00038,00038.mid,75,D#5,7.156250,0.203125
00038,00038.mid,75,D#5,7.500000,0.343750
00038,00038.mid,72,C5,7.843750,0.234375
00038,00038.mid,72,C5,8.187500,0.343750
00038,00038.mid,75,D#5,8.531250,0.343750
00038,00038.mid,77,F5,8.875000,1.484375
00038,00038.mid,70,A#4,10.890625,0.343750
00038,00038.mid,72,C5,11.234375,0.343750
00038,00038.mid,75,D#5,11.578125,1.000000
00038,00038.mid,77,F5,12.578125,0.343750
00038,00038.mid,79,G5,12.921875,0.671875
00038,00038.mid,82,A#5,13.593750,0.234375
00038,00038.mid,82,A#5,13.953125,0.343750
00038,00038.mid,84,C6,14.296875,1.015625
00038,00038.mid,82,A#5,15.312500,0.343750
00038,00038.mid,79,G5,15.656250,0.562500
00038,00038.mid,79,G5,16.343750,0.343750
00038,00038.mid,77,F5,16.687500,0.359375
00038,00038.mid,75,D#5,17.046875,0.875000
00038,00038.mid,75,D#5,18.062500,0.125000
00038,00038.mid,75,D#5,18.406250,0.359375
00038,00038.mid,72,C5,18.765625,0.203125
00038,00038.mid,72,C5,19.109375,0.359375
00038,00038.mid,70,A#4,19.468750,0.343750
00038,00038.mid,75,D#5,19.812500,1.890625
00038,00038.mid,75,D#5,21.828125,0.187500
00038,00038.mid,75,D#5,22.187500,0.343750
00038,00038.mid,77,F5,22.531250,1.015625
00038,00038.mid,75,D#5,23.546875,0.343750
00038,00038.mid,77,F5,23.890625,0.671875
00038,00038.mid,79,G5,24.562500,0.359375
00038,00038.mid,80,G#5,24.921875,0.343750
00038,00038.mid,82,A#5,25.265625,1.015625
00038,00038.mid,84,C6,26.281250,0.343750
00038,00038.mid,82,A#5,26.625000,0.671875
00038,00038.mid,79,G5,27.296875,0.343750
00038,00038.mid,82,A#5,27.640625,0.343750
00038,00038.mid,84,C6,27.984375,0.843750
00038,00038.mid,84,C6,29.000000,0.187500
00038,00038.mid,84,C6,29.359375,0.671875
00038,00038.mid,82,A#5,30.031250,0.343750
00038,00038.mid,79,G5,30.375000,0.343750
00038,00038.mid,77,F5,30.718750,1.015625
00038,00038.mid,75,D#5,31.734375,0.359375
00038,00038.mid,77,F5,32.093750,0.671875
00038,00038.mid,70,A#4,32.765625,0.343750
00038,00038.mid,72,C5,33.109375,0.343750
00038,00038.mid,75,D#5,33.453125,1.015625
00038,00038.mid,77,F5,34.468750,0.343750
00038,00038.mid,79,G5,34.812500,0.671875
00038,00038.mid,82,A#5,35.484375,0.343750
00038,00038.mid,82,A#5,35.828125,0.343750
00038,00038.mid,84,C6,36.171875,1.000000
00038,00038.mid,82,A#5,37.171875,0.343750
00038,00038.mid,79,G5,37.515625,0.671875
00038,00038.mid,79,G5,38.187500,0.343750
00038,00038.mid,77,F5,38.531250,0.343750
00038,00038.mid,75,D#5,38.875000,1.015625
00038,00038.mid,75,D#5,39.890625,0.187500
00038,00038.mid,75,D#5,40.250000,0.343750
00038,00038.mid,72,C5,40.593750,0.234375
00038,00038.mid,72,C5,40.953125,0.343750
00038,00038.mid,70,A#4,41.296875,0.343750
00038,00038.mid,75,D#5,41.640625,2.406250
00038,00038.mid,70,A#4,44.984375,0.343750
00038,00038.mid,72,C5,45.328125,0.343750
00038,00038.mid,75,D#5,45.671875,1.015625
00038,00038.mid,77,F5,46.687500,0.343750
00038,00038.mid,79,G5,47.031250,0.671875
00038,00038.mid,82,A#5,47.703125,0.343750
00038,00038.mid,82,A#5,48.046875,0.343750
00038,00038.mid,84,C6,48.390625,1.000000
00038,00038.mid,82,A#5,49.390625,0.359375
00038,00038.mid,79,G5,49.750000,0.687500
00038,00038.mid,77,F5,50.437500,0.171875
00038,00038.mid,79,G5,50.609375,0.171875
00038,00038.mid,77,F5,50.781250,0.343750
00038,00038.mid,75,D#5,51.125000,1.015625
00038,00038.mid,75,D#5,52.140625,0.234375
00038,00038.mid,75,D#5,52.500000,0.343750
00038,00038.mid,72,C5,52.843750,0.343750
00038,00038.mid,72,C5,53.187500,0.343750
00038,00038.mid,75,D#5,53.531250,0.359375
00038,00038.mid,77,F5,53.890625,1.859375
00038,00038.mid,70,A#4,55.906250,0.343750
00038,00038.mid,72,C5,56.250000,0.343750
00038,00038.mid,75,D#5,56.593750,1.015625
00038,00038.mid,77,F5,57.609375,0.343750
00038,00038.mid,79,G5,57.953125,0.687500
00038,00038.mid,82,A#5,58.640625,0.343750
00038,00038.mid,82,A#5,58.984375,0.234375
00038,00038.mid,84,C6,59.343750,1.015625
00038,00038.mid,82,A#5,60.359375,0.343750
00038,00038.mid,79,G5,60.703125,0.531250
00038,00038.mid,79,G5,61.390625,0.343750
00038,00038.mid,77,F5,61.734375,0.343750
00038,00038.mid,75,D#5,62.078125,0.875000
00038,00038.mid,75,D#5,63.093750,0.156250
00038,00038.mid,75,D#5,63.437500,0.359375
00038,00038.mid,72,C5,63.796875,0.156250
00038,00038.mid,72,C5,64.140625,0.343750
00038,00038.mid,70,A#4,64.484375,0.343750
00038,00038.mid,75,D#5,64.828125,1.843750
00038,00038.mid,75,D#5,66.843750,0.187500
00038,00038.mid,75,D#5,67.203125,0.234375
00038,00038.mid,77,F5,67.562500,1.015625
00038,00038.mid,75,D#5,68.578125,0.343750
00038,00038.mid,77,F5,68.921875,0.687500
00038,00038.mid,79,G5,69.609375,0.359375
00038,00038.mid,80,G#5,69.968750,0.343750
00038,00038.mid,82,A#5,70.312500,1.015625
00038,00038.mid,84,C6,71.328125,0.343750
00038,00038.mid,82,A#5,71.671875,0.671875
00038,00038.mid,79,G5,72.343750,0.343750
00038,00038.mid,82,A#5,72.687500,0.343750
00038,00038.mid,84,C6,73.031250,0.843750
00038,00038.mid,84,C6,74.046875,0.156250
00038,00038.mid,84,C6,74.390625,0.671875
00038,00038.mid,82,A#5,75.062500,0.343750
00038,00038.mid,79,G5,75.406250,0.343750
00038,00038.mid,77,F5,75.750000,1.015625
00038,00038.mid,75,D#5,76.765625,0.343750
00038,00038.mid,77,F5,77.109375,0.671875
00038,00038.mid,70,A#4,77.781250,0.359375
00038,00038.mid,72,C5,78.140625,0.234375
00038,00038.mid,75,D#5,78.484375,1.015625
00038,00038.mid,77,F5,79.500000,0.343750
00038,00038.mid,79,G5,79.843750,0.687500
00038,00038.mid,82,A#5,80.531250,0.234375
00038,00038.mid,82,A#5,80.890625,0.234375
00038,00038.mid,84,C6,81.250000,1.000000
00038,00038.mid,82,A#5,82.250000,0.343750
00038,00038.mid,79,G5,82.593750,0.562500
00038,00038.mid,79,G5,83.265625,0.343750
00038,00038.mid,77,F5,83.609375,0.343750
00038,00038.mid,75,D#5,83.953125,1.015625
00038,00038.mid,75,D#5,84.968750,0.156250
00038,00038.mid,75,D#5,85.312500,0.343750
00038,00038.mid,72,C5,85.656250,0.187500
00038,00038.mid,72,C5,86.015625,0.343750
00038,00038.mid,70,A#4,86.359375,0.343750
00038,00038.mid,75,D#5,86.703125,0.640625
00038,00038.mid,71,B4,88.718750,0.359375
00038,00038.mid,73,C#5,89.078125,0.343750
00038,00038.mid,76,E5,89.421875,1.015625
00038,00038.mid,78,F#5,90.437500,0.343750
00038,00038.mid,80,G#5,90.781250,0.687500
00038,00038.mid,83,B5,91.468750,0.343750
00038,00038.mid,83,B5,91.812500,0.343750
00038,00038.mid,85,C#6,92.156250,1.000000
00038,00038.mid,83,B5,93.156250,0.359375
00038,00038.mid,80,G#5,93.515625,0.687500
00038,00038.mid,78,F#5,94.203125,0.171875
00038,00038.mid,80,G#5,94.375000,0.171875
00038,00038.mid,78,F#5,94.546875,0.343750
00038,00038.mid,76,E5,94.890625,0.890625
00038,00038.mid,76,E5,95.906250,0.203125
00038,00038.mid,76,E5,96.250000,0.359375
00038,00038.mid,73,C#5,96.609375,0.343750
00038,00038.mid,73,C#5,96.953125,0.343750
00038,00038.mid,76,E5,97.296875,0.343750
00038,00038.mid,78,F#5,97.640625,1.500000
00038,00038.mid,71,B4,99.656250,0.343750
00038,00038.mid,73,C#5,100.000000,0.343750
00038,00038.mid,76,E5,100.343750,1.015625
00038,00038.mid,78,F#5,101.359375,0.343750
00038,00038.mid,80,G#5,101.703125,0.671875
00038,00038.mid,83,B5,102.375000,0.343750
00038,00038.mid,83,B5,102.718750,0.343750
00038,00038.mid,85,C#6,103.062500,1.000000
00038,00038.mid,83,B5,104.062500,0.359375
00038,00038.mid,80,G#5,104.421875,0.578125
00038,00038.mid,80,G#5,105.109375,0.343750
00038,00038.mid,78,F#5,105.453125,0.359375
00038,00038.mid,76,E5,105.812500,1.015625
00038,00038.mid,76,E5,106.828125,0.187500
00038,00038.mid,76,E5,107.171875,0.343750
00038,00038.mid,73,C#5,107.515625,0.187500
00038,00038.mid,73,C#5,107.875000,0.343750
00038,00038.mid,71,B4,108.218750,0.343750
00038,00038.mid,76,E5,108.562500,1.875000
00038,00038.mid,76,E5,110.578125,0.234375
00038,00038.mid,76,E5,110.937500,0.234375
00038,00038.mid,78,F#5,111.296875,1.000000
00038,00038.mid,76,E5,112.296875,0.343750
00038,00038.mid,78,F#5,112.640625,0.687500
00038,00038.mid,80,G#5,113.328125,0.359375
00038,00038.mid,81,A5,113.687500,0.343750
00038,00038.mid,83,B5,114.031250,1.015625
00038,00038.mid,85,C#6,115.046875,0.343750
00038,00038.mid,83,B5,115.390625,0.671875
00038,00038.mid,80,G#5,116.062500,0.343750
00038,00038.mid,83,B5,116.406250,0.343750
00038,00038.mid,85,C#6,116.750000,0.812500
00038,00038.mid,85,C#6,117.750000,0.156250
00038,00038.mid,85,C#6,118.093750,0.671875
00038,00038.mid,83,B5,118.765625,0.343750
00038,00038.mid,80,G#5,119.109375,0.343750
00038,00038.mid,78,F#5,119.453125,1.015625
00038,00038.mid,76,E5,120.468750,0.187500
00038,00038.mid,78,F#5,120.828125,0.671875
00038,00038.mid,71,B4,121.500000,0.343750
00038,00038.mid,73,C#5,121.843750,0.234375
00038,00038.mid,76,E5,122.187500,0.890625
00038,00038.mid,78,F#5,123.203125,0.343750
00038,00038.mid,80,G#5,123.546875,0.671875
00038,00038.mid,83,B5,124.218750,0.171875
00038,00038.mid,83,B5,124.562500,0.203125
00038,00038.mid,85,C#6,124.906250,1.000000
00038,00038.mid,83,B5,125.906250,0.343750
00038,00038.mid,80,G#5,126.250000,0.546875
00038,00038.mid,80,G#5,126.937500,0.343750
00038,00038.mid,78,F#5,127.281250,0.343750
00038,00038.mid,76,E5,127.625000,0.890625
00038,00038.mid,76,E5,128.640625,0.156250
00038,00038.mid,76,E5,128.984375,0.343750
00038,00038.mid,73,C#5,129.328125,0.156250
00038,00038.mid,73,C#5,129.671875,0.359375
00038,00038.mid,71,B4,130.031250,0.234375
00038,00038.mid,76,E5,130.390625,0.015625
00039,00039.mid,60,C4,0.857142,0.214286
00039,00039.mid,64,E4,1.071428,0.214285
00039,00039.mid,67,G4,1.285713,0.642857
00039,00039.mid,69,A4,1.928570,0.214286
00039,00039.mid,67,G4,2.142855,0.214285
00039,00039.mid,65,F4,2.357141,0.214285
00039,00039.mid,64,E4,2.571426,0.428571
00039,00039.mid,60,C4,2.999997,0.428571
00039,00039.mid,60,C4,3.428568,0.428571
00039,00039.mid,62,D4,3.857139,0.428571
00039,00039.mid,55,G3,4.285710,0.428571
00039,00039.mid,55,G3,4.714281,0.428571
00039,00039.mid,64,E4,5.142852,0.428571
00039,00039.mid,60,C4,5.571423,0.428571
00039,00039.mid,60,C4,5.999994,0.214285
00039,00039.mid,64,E4,6.214280,0.214285
00039,00039.mid,67,G4,6.428565,0.642857
00039,00039.mid,69,A4,7.071422,0.214285
00039,00039.mid,67,G4,7.285707,0.214285
00039,00039.mid,65,F4,7.499993,0.214285
00039,00039.mid,64,E4,7.714278,0.428571
00039,00039.mid,60,C4,8.142849,0.428571
00039,00039.mid,60,C4,8.571420,0.428571
00039,00039.mid,62,D4,8.999991,0.428571
00039,00039.mid,55,G3,9.428562,0.428571
00039,00039.mid,55,G3,9.857133,0.428571
00039,00039.mid,60,C4,10.285704,0.857142
00039,00039.mid,60,C4,11.142846,0.428571
00039,00039.mid,62,D4,11.571417,0.428571
00039,00039.mid,55,G3,11.999988,0.428571
00039,00039.mid,55,G3,12.428559,0.428571
00039,00039.mid,64,E4,12.857130,0.428571
00039,00039.mid,60,C4,13.285701,0.428571
00039,00039.mid,60,C4,13.714272,0.428571
00039,00039.mid,62,D4,14.142843,0.428571
00039,00039.mid,55,G3,14.571414,0.428571
00039,00039.mid,55,G3,14.999985,0.428571
00039,00039.mid,64,E4,15.428556,0.428571
00039,00039.mid,60,C4,15.857127,0.428571
00039,00039.mid,60,C4,16.285698,0.214285
00039,00039.mid,64,E4,16.499984,0.214285
00039,00039.mid,67,G4,16.714269,0.642857
00039,00039.mid,69,A4,17.357126,0.214285
00039,00039.mid,67,G4,17.571411,0.214286
00039,00039.mid,65,F4,17.785697,0.214285
00039,00039.mid,64,E4,17.999982,0.428571
00039,00039.mid,60,C4,18.428553,0.428571
00039,00039.mid,60,C4,18.857124,0.428571
00039,00039.mid,62,D4,19.285695,0.428571
00039,00039.mid,55,G3,19.714266,0.428571
00039,00039.mid,55,G3,20.142837,0.428571
00039,00039.mid,60,C4,20.571408,1.285713
00040,00040.mid,56,G#3,1.800000,0.600000
00040,00040.mid,65,F4,2.400000,1.200000
00040,00040.mid,63,D#4,3.600000,0.600000
00040,00040.mid,65,F4,4.200000,0.600000
00040,00040.mid,61,C#4,4.800000,1.200000
00040,00040.mid,56,G#3,6.000000,0.450000
00040,00040.mid,56,G#3,6.600000,0.600000
00040,00040.mid,68,G#4,7.200000,1.200000
00040,00040.mid,66,F#4,8.400000,0.600000
00040,00040.mid,68,G#4,9.000000,0.600000
00040,00040.mid,65,F4,9.600000,1.500000
00040,00040.mid,61,C#4,11.400000,0.600000
00040,00040.mid,70,A#4,12.000000,1.200000
00040,00040.mid,70,A#4,13.200000,0.600000
00040,00040.mid,70,A#4,13.800000,0.600000
00040,00040.mid,68,G#4,14.400000,1.200000
00040,00040.mid,65,F4,15.600000,0.450000
00040,00040.mid,68,G#4,16.200000,0.600000
00040,00040.mid,68,G#4,16.800000,0.600000
00040,00040.mid,66,F#4,17.400000,0.300000
00040,00040.mid,65,F4,17.700000,0.300000
00040,00040.mid,66,F#4,18.000000,0.600000
00040,00040.mid,68,G#4,18.600000,0.600000
00040,00040.mid,65,F4,19.200000,1.500000
00040,00040.mid,61,C#4,21.000000,0.600000
00040,00040.mid,70,A#4,21.600000,1.200000
00040,00040.mid,73,C#5,22.800000,0.600000
00040,00040.mid,70,A#4,23.400000,0.600000
00040,00040.mid,68,G#4,24.000000,1.200000
00040,00040.mid,65,F4,25.200000,0.450000
00040,00040.mid,68,G#4,25.800000,0.600000
00040,00040.mid,68,G#4,26.400000,0.600000
00040,00040.mid,66,F#4,27.000000,0.300000
00040,00040.mid,65,F4,27.300000,0.300000
00040,00040.mid,66,F#4,27.600000,0.600000
00040,00040.mid,68,G#4,28.200000,0.600000
00040,00040.mid,65,F4,28.800000,1.800000
00041,00041.mid,67,G4,0.000000,0.375000
00041,00041.mid,64,E4,0.375000,0.375000
00041,00041.mid,67,G4,0.750000,0.750000
00041,00041.mid,67,G4,1.500000,0.375000
00041,00041.mid,64,E4,1.875000,0.375000
00041,00041.mid,67,G4,2.250000,0.750000
00041,00041.mid,69,A4,3.000000,0.375000
00041,00041.mid,67,G4,3.375000,0.375000
00041,00041.mid,65,F4,3.750000,0.375000
00041,00041.mid,64,E4,4.125000,0.375000
00041,00041.mid,62,D4,4.500000,0.375000
00041,00041.mid,64,E4,4.875000,0.375000
00041,00041.mid,65,F4,5.250000,0.371875
00041,00041.mid,64,E4,5.626563,0.186719
00041,00041.mid,65,F4,5.811719,0.188281
00041,00041.mid,67,G4,6.000000,0.375000
00041,00041.mid,60,C4,6.375000,0.375000
00041,00041.mid,60,C4,6.750000,0.187500
00041,00041.mid,60,C4,6.937500,0.187500
00041,00041.mid,60,C4,7.125000,0.375000
00041,00041.mid,60,C4,7.500000,0.187500
00041,00041.mid,62,D4,7.687500,0.187500
00041,00041.mid,64,E4,7.875000,0.187500
00041,00041.mid,65,F4,8.062500,0.187500
00041,00041.mid,67,G4,8.250000,0.750000
00041,00041.mid,67,G4,9.000000,0.375000
00041,00041.mid,62,D4,9.375000,0.375000
00041,00041.mid,62,D4,9.750000,0.375000
00041,00041.mid,65,F4,10.125000,0.375000
00041,00041.mid,64,E4,10.500000,0.375000
00041,00041.mid,62,D4,10.875000,0.375000
00041,00041.mid,60,C4,11.250000,1.500000
00042,00042.mid,62,D4,0.000000,0.400000
00042,00042.mid,62,D4,0.400000,0.200000
00042,00042.mid,62,D4,0.600000,0.200000
00042,00042.mid,66,F#4,0.800000,0.400000
00042,00042.mid,66,F#4,1.200000,0.200000
00042,00042.mid,64,E4,1.400000,0.200000
00042,00042.mid,62,D4,1.600000,0.400000
00042,00042.mid,62,D4,2.000000,0.400000
00042,00042.mid,69,A4,2.400000,0.400000
00042,00042.mid,66,F#4,3.000000,0.200000
00042,00042.mid,66,F#4,3.200000,0.400000
00042,00042.mid,66,F#4,3.600000,0.200000
00042,00042.mid,64,E4,3.800000,0.200000
00042,00042.mid,62,D4,4.000000,0.400000
00042,00042.mid,64,E4,4.400000,0.200000
00042,00042.mid,66,F#4,4.600000,0.200000
00042,00042.mid,62,D4,4.800000,0.300000
00042,00042.mid,62,D4,5.200000,0.300000
00042,00042.mid,62,D4,5.600000,0.300000
00042,00042.mid,67,G4,6.400000,0.400000
00042,00042.mid,67,G4,6.800000,0.400000
00042,00042.mid,67,G4,7.200000,0.400000
00042,00042.mid,71,B4,7.600000,0.400000
00042,00042.mid,69,A4,8.000000,0.200000
00042,00042.mid,71,B4,8.200000,0.200000
00042,00042.mid,69,A4,8.400000,0.200000
00042,00042.mid,67,G4,8.600000,0.200000
00042,00042.mid,66,F#4,8.800000,0.400000
00042,00042.mid,69,A4,9.200000,0.400000
00042,00042.mid,67,G4,9.600000,0.200000
00042,00042.mid,67,G4,9.800000,0.400000
00042,00042.mid,67,G4,10.200000,0.200000
00042,00042.mid,67,G4,10.400000,0.400000
00042,00042.mid,71,B4,10.800000,0.400000
00042,00042.mid,69,A4,11.200000,0.300000
00042,00042.mid,71,B4,11.500000,0.100000
00042,00042.mid,69,A4,11.600000,0.200000
00042,00042.mid,66,F#4,11.800000,0.200000
00042,00042.mid,66,F#4,12.600000,0.200000
00042,00042.mid,69,A4,12.000000,0.800000
00042,00042.mid,66,F#4,12.800000,0.200000
00042,00042.mid,66,F#4,13.000000,0.200000
00042,00042.mid,66,F#4,13.200000,0.200000
00042,00042.mid,64,E4,13.400000,0.200000
00042,00042.mid,62,D4,13.600000,0.400000
00042,00042.mid,64,E4,14.000000,0.200000
00042,00042.mid,66,F#4,14.200000,0.200000
00042,00042.mid,62,D4,14.400000,0.400000
00042,00042.mid,62,D4,14.800000,0.400000
00042,00042.mid,69,A4,15.200000,0.400000
00042,00042.mid,66,F#4,15.800000,0.200000
00042,00042.mid,66,F#4,16.000000,0.200000
00042,00042.mid,66,F#4,16.200000,0.200000
00042,00042.mid,66,F#4,16.400000,0.200000
00042,00042.mid,64,E4,16.600000,0.200000
00042,00042.mid,62,D4,16.800000,0.400000
00042,00042.mid,64,E4,17.200000,0.200000
00042,00042.mid,66,F#4,17.400000,0.200000
00042,00042.mid,62,D4,17.600000,0.400000
00042,00042.mid,62,D4,18.000000,0.400000
00042,00042.mid,62,D4,18.400000,0.400000
00043,00043.mid,60,C4,0.000000,0.500000
00043,00043.mid,60,C4,0.500000,0.250000
00043,00043.mid,62,D4,0.750000,0.250000
00043,00043.mid,64,E4,1.000000,0.500000
00043,00043.mid,64,E4,1.500000,0.500000
00043,00043.mid,62,D4,2.000000,0.250000
00043,00043.mid,60,C4,2.250000,0.250000
00043,00043.mid,62,D4,2.500000,0.250000
00043,00043.mid,64,E4,2.750000,0.250000
00043,00043.mid,60,C4,3.000000,1.000000
00043,00043.mid,64,E4,4.000000,0.500000
00043,00043.mid,64,E4,4.500000,0.250000
00043,00043.mid,65,F4,4.750000,0.250000
00043,00043.mid,67,G4,5.000000,0.500000
00043,00043.mid,67,G4,5.500000,0.500000
00043,00043.mid,65,F4,6.000000,0.250000
00043,00043.mid,64,E4,6.250000,0.250000
00043,00043.mid,65,F4,6.500000,0.250000
00043,00043.mid,67,G4,6.750000,0.250000
00043,00043.mid,64,E4,7.000000,0.750000
00043,00043.mid,72,C5,8.000000,0.500000
00043,00043.mid,71,B4,8.500000,0.250000
00043,00043.mid,69,A4,8.750000,0.250000
00043,00043.mid,67,G4,9.000000,0.500000
00043,00043.mid,64,E4,9.500000,0.500000
00043,00043.mid,72,C5,10.000000,0.500000
00043,00043.mid,71,B4,10.500000,0.250000
00043,00043.mid,69,A4,10.750000,0.250000
00043,00043.mid,67,G4,11.000000,0.750000
00043,00043.mid,69,A4,12.000000,0.500000
00043,00043.mid,71,B4,12.500000,0.250000
00043,00043.mid,72,C5,12.750000,0.250000
00043,00043.mid,67,G4,13.000000,0.500000
00043,00043.mid,64,E4,13.500000,0.500000
00043,00043.mid,67,G4,14.000000,0.500000
00043,00043.mid,65,F4,14.500000,0.250000
00043,00043.mid,62,D4,14.750000,0.250000
00043,00043.mid,60,C4,15.000000,0.750000
00044,00044.mid,72,C5,0.000000,0.187500
00044,00044.mid,72,C5,0.187500,0.375000
00044,00044.mid,72,C5,0.562500,0.187500
00044,00044.mid,72,C5,0.750000,0.375000
00044,00044.mid,69,A4,1.125000,0.187500
00044,00044.mid,72,C5,1.312500,0.187500
00044,00044.mid,65,F4,1.500000,0.375000
00044,00044.mid,74,D5,1.875000,0.375000
00044,00044.mid,72,C5,2.250000,0.375000
00044,00044.mid,72,C5,3.000000,0.187500
00044,00044.mid,72,C5,3.187500,0.375000
00044,00044.mid,72,C5,3.562500,0.187500
00044,00044.mid,72,C5,3.750000,0.375000
00044,00044.mid,69,A4,4.125000,0.187500
00044,00044.mid,67,G4,4.312500,0.187500
00044,00044.mid,65,F4,4.500000,0.375000
00044,00044.mid,69,A4,4.875000,0.375000
00044,00044.mid,67,G4,5.250000,0.375000
00044,00044.mid,67,G4,6.000000,0.562500
00044,00044.mid,69,A4,6.562500,0.187500
00044,00044.mid,72,C5,6.750000,0.375000
00044,00044.mid,72,C5,7.125000,0.375000
00044,00044.mid,69,A4,7.500000,0.375000
00044,00044.mid,69,A4,7.875000,0.187500
00044,00044.mid,67,G4,8.062500,0.187500
00044,00044.mid,65,F4,8.250000,0.375000
00044,00044.mid,67,G4,9.000000,0.375000
00044,00044.mid,69,A4,9.375000,0.187500
00044,00044.mid,67,G4,9.562500,0.187500
00044,00044.mid,65,F4,9.750000,0.375000
00044,00044.mid,65,F4,10.125000,0.187500
00044,00044.mid,62,D4,10.312500,0.187500
00044,00044.mid,60,C4,10.500000,0.375000
00044,00044.mid,62,D4,10.875000,0.375000
00044,00044.mid,60,C4,11.250000,0.375000
00044,00044.mid,72,C5,12.000000,0.166667
00044,00044.mid,72,C5,12.166667,0.333334
00044,00044.mid,72,C5,12.500000,0.166667
00044,00044.mid,72,C5,12.666667,0.333334
00044,00044.mid,69,A4,13.000001,0.166667
00044,00044.mid,72,C5,13.166667,0.166667
00044,00044.mid,65,F4,13.333334,0.333333
00044,00044.mid,74,D5,13.666667,0.333334
00044,00044.mid,72,C5,14.000001,0.333333
00044,00044.mid,72,C5,14.666668,0.166667
00044,00044.mid,72,C5,14.833335,0.333334
00044,00044.mid,72,C5,15.166668,0.166667
00044,00044.mid,72,C5,15.333335,0.333334
00044,00044.mid,69,A4,15.666669,0.166667
00044,00044.mid,67,G4,15.833335,0.166667
00044,00044.mid,65,F4,16.000002,0.333333
00044,00044.mid,69,A4,16.333336,0.333333
00044,00044.mid,67,G4,16.666669,0.333334
00044,00044.mid,67,G4,17.333336,0.333334
00044,00044.mid,67,G4,17.666670,0.166667
00044,00044.mid,69,A4,17.833336,0.166667
00044,00044.mid,72,C5,18.000003,0.333334
00044,00044.mid,72,C5,18.333337,0.333333
00044,00044.mid,69,A4,18.666670,0.333333
00044,00044.mid,69,A4,19.000003,0.166667
00044,00044.mid,67,G4,19.166670,0.166667
00044,00044.mid,65,F4,19.333337,0.333334
00044,00044.mid,67,G4,20.000004,0.333333
00044,00044.mid,69,A4,20.333337,0.166667
00044,00044.mid,67,G4,20.500004,0.166667
00044,00044.mid,65,F4,20.666671,0.333334
00044,00044.mid,65,F4,21.000005,0.166667
00044,00044.mid,62,D4,21.166671,0.166667
00044,00044.mid,60,C4,21.333338,0.333334
00044,00044.mid,62,D4,21.666671,0.333334
00044,00044.mid,60,C4,22.000005,0.333333
00044,00044.mid,72,C5,22.666672,0.166667
00044,00044.mid,72,C5,22.833339,0.333333
00044,00044.mid,72,C5,23.166672,0.166667
00044,00044.mid,72,C5,23.333339,0.333333
00044,00044.mid,69,A4,23.666673,0.166667
00044,00044.mid,72,C5,23.833339,0.166667
00044,00044.mid,65,F4,24.000006,0.333334
00044,00044.mid,74,D5,24.333340,0.333334
00044,00044.mid,72,C5,24.666673,0.333333
00044,00044.mid,72,C5,25.000006,0.166667
00044,00044.mid,74,D5,25.166673,0.166667
00044,00044.mid,65,F4,25.333340,0.333334
00044,00044.mid,67,G4,25.666674,0.333333
00044,00044.mid,65,F4,26.000007,0.333333
00044,00044.mid,67,G4,26.333340,0.333334
00044,00044.mid,69,A4,26.666674,0.666667
00044,00044.mid,67,G4,27.333341,0.666667
00044,00044.mid,65,F4,28.000008,0.666667
00045,00045.mid,64,E4,0.000000,0.375000
00045,00045.mid,64,E4,0.375000,0.187500
00045,00045.mid,67,G4,0.562500,0.187500
00045,00045.mid,60,C4,0.750000,0.375000
00045,00045.mid,60,C4,1.125000,0.187500
00045,00045.mid,64,E4,1.312500,0.187500
00045,00045.mid,62,D4,1.500000,0.187500
00045,00045.mid,60,C4,1.687500,0.187500
00045,00045.mid,62,D4,1.875000,0.187500
00045,00045.mid,64,E4,2.062500,0.187500
00045,00045.mid,65,F4,2.250000,0.375000
00045,00045.mid,62,D4,2.625000,0.187500
00045,00045.mid,60,C4,2.812500,0.187500
00045,00045.mid,59,B3,3.000000,0.375000
00045,00045.mid,55,G3,3.375000,0.375000
00045,00045.mid,59,B3,3.750000,0.375000
00045,00045.mid,55,G3,4.125000,0.375000
00045,00045.mid,60,C4,4.500000,0.187500
00045,00045.mid,59,B3,4.687500,0.187500
00045,00045.mid,60,C4,4.875000,0.187500
00045,00045.mid,62,D4,5.062500,0.187500
00045,00045.mid,64,E4,5.250000,0.750000
00045,00045.mid,64,E4,6.000000,0.375000
00045,00045.mid,64,E4,6.375000,0.187500
00045,00045.mid,67,G4,6.562500,0.187500
00045,00045.mid,60,C4,6.750000,0.375000
00045,00045.mid,60,C4,7.125000,0.187500
00045,00045.mid,64,E4,7.312500,0.187500
00045,00045.mid,62,D4,7.500000,0.187500
00045,00045.mid,60,C4,7.687500,0.187500
00045,00045.mid,62,D4,7.875000,0.187500
00045,00045.mid,64,E4,8.062500,0.187500
00045,00045.mid,65,F4,8.250000,0.375000
00045,00045.mid,62,D4,8.625000,0.187500
00045,00045.mid,60,C4,8.812500,0.187500
00045,00045.mid,59,B3,9.000000,0.375000
00045,00045.mid,69,A4,9.375000,0.375000
00045,00045.mid,67,G4,9.750000,0.375000
00045,00045.mid,59,B3,10.125000,0.375000
00045,00045.mid,60,C4,10.500000,1.500000
00046,00046.mid,65,F4,0.000000,0.578125
00046,00046.mid,67,G4,0.578125,0.296875
00046,00046.mid,68,G#4,0.875000,0.281250
00046,00046.mid,70,A#4,1.156250,0.578125
00046,00046.mid,72,C5,1.734375,0.281250
00046,00046.mid,70,A#4,2.015625,0.296875
00046,00046.mid,68,G#4,2.312500,0.578125
00046,00046.mid,68,G#4,2.890625,0.296875
00046,00046.mid,67,G4,3.187500,0.281250
00046,00046.mid,65,F4,3.468750,0.843750
00046,00046.mid,65,F4,4.609375,0.578125
00046,00046.mid,67,G4,5.187500,0.281250
00046,00046.mid,68,G#4,5.468750,0.296875
00046,00046.mid,70,A#4,5.765625,0.578125
00046,00046.mid,72,C5,6.343750,0.296875
00046,00046.mid,70,A#4,6.640625,0.296875
00046,00046.mid,68,G#4,6.937500,0.296875
00046,00046.mid,67,G4,7.234375,0.281250
00046,00046.mid,68,G#4,7.515625,0.296875
00046,00046.mid,70,A#4,7.812500,0.281250
00046,00046.mid,72,C5,8.093750,0.859375
00046,00046.mid,65,F4,9.234375,0.578125
00046,00046.mid,67,G4,9.812500,0.296875
00046,00046.mid,68,G#4,10.109375,0.281250
00046,00046.mid,70,A#4,10.390625,0.578125
00046,00046.mid,72,C5,10.968750,0.296875
00046,00046.mid,70,A#4,11.265625,0.296875
00046,00046.mid,68,G#4,11.562500,0.578125
00046,00046.mid,68,G#4,12.140625,0.296875
00046,00046.mid,67,G4,12.437500,0.281250
00046,00046.mid,65,F4,12.718750,0.843750
00046,00046.mid,67,G4,13.859375,0.578125
00046,00046.mid,67,G4,14.437500,0.578125
00046,00046.mid,67,G4,15.015625,0.578125
00046,00046.mid,68,G#4,15.593750,0.296875
00046,00046.mid,67,G4,15.890625,0.296875
00046,00046.mid,65,F4,16.187500,0.578125
00046,00046.mid,65,F4,16.765625,0.296875
00046,00046.mid,63,D#4,17.062500,0.281250
00046,00046.mid,65,F4,17.343750,0.859375
00046,00046.mid,72,C5,18.484375,0.578125
00046,00046.mid,72,C5,19.062500,0.578125
00046,00046.mid,72,C5,19.640625,0.578125
00046,00046.mid,70,A#4,20.218750,0.296875
00046,00046.mid,68,G#4,20.515625,0.296875
00046,00046.mid,70,A#4,20.812500,0.578125
00046,00046.mid,70,A#4,21.390625,0.281250
00046,00046.mid,72,C5,21.671875,0.281250
00046,00046.mid,70,A#4,21.953125,0.843750
00046,00046.mid,68,G#4,23.093750,0.578125
00046,00046.mid,68,G#4,23.671875,0.578125
00046,00046.mid,68,G#4,24.250000,0.578125
00046,00046.mid,70,A#4,24.828125,0.281250
00046,00046.mid,68,G#4,25.109375,0.296875
00046,00046.mid,67,G4,25.406250,0.578125
00046,00046.mid,67,G4,25.984375,0.296875
00046,00046.mid,68,G#4,26.281250,0.281250
00046,00046.mid,67,G4,26.562500,0.843750
00046,00046.mid,72,C5,27.703125,0.578125
00046,00046.mid,72,C5,28.281250,0.296875
00046,00046.mid,72,C5,28.578125,0.281250
00046,00046.mid,72,C5,28.859375,0.578125
00046,00046.mid,70,A#4,29.437500,0.296875
00046,00046.mid,68,G#4,29.734375,0.296875
00046,00046.mid,70,A#4,30.031250,0.578125
00046,00046.mid,70,A#4,30.609375,0.296875
00046,00046.mid,72,C5,30.906250,0.296875
00046,00046.mid,70,A#4,31.203125,0.843750
00046,00046.mid,68,G#4,32.343750,0.578125
00046,00046.mid,68,G#4,32.921875,0.578125
00046,00046.mid,67,G4,33.500000,0.578125
00046,00046.mid,68,G#4,34.078125,0.281250
00046,00046.mid,67,G4,34.359375,0.296875
00046,00046.mid,65,F4,34.656250,0.578125
00046,00046.mid,65,F4,35.234375,0.296875
00046,00046.mid,63,D#4,35.531250,0.281250
00046,00046.mid,65,F4,35.812500,1.140625
00046,00046.mid,65,F4,37.453125,0.578125
00046,00046.mid,67,G4,38.031250,0.312500
00046,00046.mid,68,G#4,38.343750,0.296875
00046,00046.mid,70,A#4,38.640625,0.593750
00046,00046.mid,72,C5,39.234375,0.296875
00046,00046.mid,70,A#4,39.531250,0.312500
00046,00046.mid,68,G#4,39.843750,0.578125
00046,00046.mid,68,G#4,40.421875,0.312500
00046,00046.mid,67,G4,40.734375,0.296875
00046,00046.mid,65,F4,41.031250,0.875000
00046,00046.mid,65,F4,42.203125,0.578125
00046,00046.mid,67,G4,42.781250,0.312500
00046,00046.mid,68,G#4,43.093750,0.296875
00046,00046.mid,70,A#4,43.390625,0.593750
00046,00046.mid,72,C5,43.984375,0.296875
00046,00046.mid,70,A#4,44.281250,0.312500
00046,00046.mid,68,G#4,44.593750,0.296875
00046,00046.mid,67,G4,44.890625,0.312500
00046,00046.mid,68,G#4,45.203125,0.296875
00046,00046.mid,70,A#4,45.500000,0.296875
00046,00046.mid,72,C5,45.796875,0.875000
00046,00046.mid,65,F4,46.968750,0.578125
00046,00046.mid,67,G4,47.546875,0.312500
00046,00046.mid,68,G#4,47.859375,0.296875
00046,00046.mid,70,A#4,48.156250,0.593750
00046,00046.mid,72,C5,48.750000,0.312500
00046,00046.mid,70,A#4,49.062500,0.312500
00046,00046.mid,68,G#4,49.375000,0.593750
00046,00046.mid,68,G#4,49.968750,0.296875
00046,00046.mid,67,G4,50.265625,0.296875
00046,00046.mid,65,F4,50.562500,0.875000
00046,00046.mid,67,G4,51.734375,0.578125
00046,00046.mid,67,G4,52.312500,0.593750
00046,00046.mid,67,G4,52.906250,0.593750
00046,00046.mid,68,G#4,53.500000,0.312500
00046,00046.mid,67,G4,53.812500,0.312500
00046,00046.mid,65,F4,54.125000,0.593750
00046,00046.mid,65,F4,54.718750,0.296875
00046,00046.mid,63,D#4,55.015625,0.312500
00046,00046.mid,65,F4,55.328125,0.859375
00046,00046.mid,72,C5,56.484375,0.578125
00046,00046.mid,72,C5,57.062500,0.593750
00046,00046.mid,72,C5,57.656250,0.593750
00046,00046.mid,70,A#4,58.250000,0.312500
00046,00046.mid,68,G#4,58.562500,0.312500
00046,00046.mid,70,A#4,58.875000,0.593750
00046,00046.mid,70,A#4,59.468750,0.296875
00046,00046.mid,72,C5,59.765625,0.312500
00046,00046.mid,70,A#4,60.078125,0.875000
00046,00046.mid,68,G#4,61.250000,0.578125
00046,00046.mid,68,G#4,61.828125,0.593750
00046,00046.mid,68,G#4,62.421875,0.593750
00046,00046.mid,70,A#4,63.015625,0.312500
00046,00046.mid,68,G#4,63.328125,0.312500
00046,00046.mid,67,G4,63.640625,0.578125
00046,00046.mid,67,G4,64.218750,0.312500
00046,00046.mid,68,G#4,64.531250,0.312500
00046,00046.mid,67,G4,64.843750,0.875000
00046,00046.mid,72,C5,66.015625,0.578125
00046,00046.mid,72,C5,66.593750,0.312500
00046,00046.mid,72,C5,66.906250,0.296875
00046,00046.mid,72,C5,67.203125,0.593750
00046,00046.mid,70,A#4,67.796875,0.312500
00046,00046.mid,68,G#4,68.109375,0.312500
00046,00046.mid,70,A#4,68.421875,0.578125
00046,00046.mid,70,A#4,69.000000,0.312500
00046,00046.mid,72,C5,69.312500,0.296875
00046,00046.mid,70,A#4,69.609375,0.875000
00046,00046.mid,68,G#4,70.781250,0.578125
00046,00046.mid,68,G#4,71.359375,0.593750
00046,00046.mid,67,G4,71.953125,0.593750
00046,00046.mid,68,G#4,72.546875,0.312500
00046,00046.mid,67,G4,72.859375,0.312500
00046,00046.mid,65,F4,73.171875,0.593750
00046,00046.mid,65,F4,73.765625,0.296875
00046,00046.mid,63,D#4,74.062500,0.296875
00046,00046.mid,65,F4,74.359375,1.171875
00046,00046.mid,65,F4,78.000000,0.578125
00046,00046.mid,67,G4,78.578125,0.312500
00046,00046.mid,68,G#4,78.890625,0.312500
00046,00046.mid,70,A#4,79.203125,0.578125
00046,00046.mid,72,C5,79.781250,0.312500
00046,00046.mid,70,A#4,80.093750,0.312500
00046,00046.mid,68,G#4,80.406250,0.578125
00046,00046.mid,68,G#4,80.984375,0.296875
00046,00046.mid,67,G4,81.281250,0.312500
00046,00046.mid,65,F4,81.593750,0.859375
00046,00046.mid,65,F4,82.750000,0.578125
00046,00046.mid,67,G4,83.328125,0.312500
00046,00046.mid,68,G#4,83.640625,0.312500
00046,00046.mid,70,A#4,83.953125,0.578125
00046,00046.mid,72,C5,84.531250,0.296875
00046,00046.mid,70,A#4,84.828125,0.312500
00046,00046.mid,68,G#4,85.140625,0.296875
00046,00046.mid,67,G4,85.437500,0.296875
00046,00046.mid,68,G#4,85.734375,0.312500
00046,00046.mid,70,A#4,86.046875,0.312500
00046,00046.mid,72,C5,86.359375,0.859375
00046,00046.mid,65,F4,87.515625,0.578125
00046,00046.mid,67,G4,88.093750,0.312500
00046,00046.mid,68,G#4,88.406250,0.312500
00046,00046.mid,70,A#4,88.718750,0.593750
00046,00046.mid,72,C5,89.312500,0.296875
00046,00046.mid,70,A#4,89.609375,0.312500
00046,00046.mid,68,G#4,89.921875,0.578125
00046,00046.mid,68,G#4,90.500000,0.312500
00046,00046.mid,67,G4,90.812500,0.312500
00046,00046.mid,65,F4,91.125000,0.859375
00046,00046.mid,67,G4,92.281250,0.578125
00046,00046.mid,67,G4,92.859375,0.593750
00046,00046.mid,67,G4,93.453125,0.593750
00046,00046.mid,68,G#4,94.046875,0.312500
00046,00046.mid,67,G4,94.359375,0.312500
00046,00046.mid,65,F4,94.671875,0.578125
00046,00046.mid,65,F4,95.250000,0.312500
00046,00046.mid,63,D#4,95.562500,0.296875
00046,00046.mid,65,F4,95.859375,0.875000
00046,00046.mid,72,C5,97.031250,0.593750
00046,00046.mid,72,C5,97.625000,0.593750
00046,00046.mid,72,C5,98.218750,0.578125
00046,00046.mid,70,A#4,98.796875,0.296875
00046,00046.mid,68,G#4,99.093750,0.312500
00046,00046.mid,70,A#4,99.406250,0.578125
00046,00046.mid,70,A#4,99.984375,0.312500
00046,00046.mid,72,C5,100.296875,0.312500
00046,00046.mid,70,A#4,100.609375,0.875000
00046,00046.mid,68,G#4,101.781250,0.578125
00046,00046.mid,68,G#4,102.359375,0.593750
00046,00046.mid,68,G#4,102.953125,0.578125
00046,00046.mid,70,A#4,103.531250,0.312500
00046,00046.mid,68,G#4,103.843750,0.312500
00046,00046.mid,67,G4,104.156250,0.578125
00046,00046.mid,67,G4,104.734375,0.296875
00046,00046.mid,68,G#4,105.031250,0.296875
00046,00046.mid,67,G4,105.328125,0.875000
00046,00046.mid,72,C5,106.500000,0.578125
00046,00046.mid,72,C5,107.078125,0.296875
00046,00046.mid,72,C5,107.375000,0.312500
00046,00046.mid,72,C5,107.687500,0.578125
00046,00046.mid,70,A#4,108.265625,0.296875
00046,00046.mid,68,G#4,108.562500,0.312500
00046,00046.mid,70,A#4,108.875000,0.593750
00046,00046.mid,70,A#4,109.468750,0.312500
00046,00046.mid,72,C5,109.781250,0.312500
00046,00046.mid,70,A#4,110.093750,0.859375
00046,00046.mid,68,G#4,111.250000,0.578125
00046,00046.mid,68,G#4,111.828125,0.593750
00046,00046.mid,67,G4,112.421875,0.593750
00046,00046.mid,68,G#4,113.015625,0.296875
00046,00046.mid,67,G4,113.312500,0.312500
00046,00046.mid,65,F4,113.625000,0.578125
00046,00046.mid,65,F4,114.203125,0.312500
00046,00046.mid,63,D#4,114.515625,0.312500
00046,00046.mid,65,F4,114.828125,1.156250
00046,00046.mid,72,C5,115.984375,0.578125
00046,00046.mid,72,C5,116.562500,0.312500
00046,00046.mid,72,C5,116.875000,0.296875
00046,00046.mid,72,C5,117.171875,0.593750
00046,00046.mid,70,A#4,117.765625,0.296875
00046,00046.mid,68,G#4,118.062500,0.312500
00046,00046.mid,70,A#4,118.375000,0.593750
00046,00046.mid,70,A#4,118.968750,0.296875
00046,00046.mid,72,C5,119.265625,0.312500
00046,00046.mid,70,A#4,119.578125,0.859375
00046,00046.mid,68,G#4,120.734375,0.578125
00046,00046.mid,68,G#4,121.312500,0.593750
00046,00046.mid,67,G4,121.906250,0.578125
00046,00046.mid,68,G#4,122.484375,0.312500
00046,00046.mid,67,G4,122.796875,0.312500
00046,00046.mid,65,F4,123.109375,0.593750
00046,00046.mid,65,F4,123.703125,0.296875
00046,00046.mid,63,D#4,124.000000,0.312500
00046,00046.mid,65,F4,124.312500,1.156250
00046,00046.mid,72,C5,125.468750,0.578125
00046,00046.mid,72,C5,126.046875,0.296875
00046,00046.mid,72,C5,126.343750,0.312500
00046,00046.mid,72,C5,126.656250,0.578125
00046,00046.mid,70,A#4,127.234375,0.296875
00046,00046.mid,68,G#4,127.531250,0.312500
00046,00046.mid,70,A#4,127.843750,0.578125
00046,00046.mid,70,A#4,128.421875,0.296875
00046,00046.mid,72,C5,128.718750,0.312500
00046,00046.mid,70,A#4,129.031250,0.875000
00046,00046.mid,68,G#4,130.203125,0.578125
00046,00046.mid,68,G#4,130.781250,0.593750
00046,00046.mid,67,G4,131.375000,0.593750
00046,00046.mid,68,G#4,131.968750,0.312500
00046,00046.mid,67,G4,132.281250,0.312500
00046,00046.mid,65,F4,132.593750,0.578125
00046,00046.mid,65,F4,133.171875,0.312500
00046,00046.mid,63,D#4,133.484375,0.312500
00046,00046.mid,65,F4,133.796875,1.156250
00046,00046.mid,72,C5,134.953125,0.578125
00046,00046.mid,72,C5,135.531250,0.296875
00046,00046.mid,72,C5,135.828125,0.312500
00046,00046.mid,72,C5,136.140625,0.578125
00046,00046.mid,70,A#4,136.718750,0.296875
00046,00046.mid,68,G#4,137.015625,0.312500
00046,00046.mid,70,A#4,137.328125,0.593750
00046,00046.mid,70,A#4,137.921875,0.312500
00046,00046.mid,72,C5,138.234375,0.312500
00046,00046.mid,70,A#4,138.546875,0.890625
00046,00046.mid,68,G#4,139.734375,0.625000
00046,00046.mid,68,G#4,140.359375,0.640625
00046,00046.mid,67,G4,141.000000,0.625000
00046,00046.mid,68,G#4,141.625000,0.328125
00046,00046.mid,67,G4,141.953125,0.328125
00046,00046.mid,65,F4,142.281250,0.546875
00046,00046.mid,65,F4,142.921875,0.328125
00046,00046.mid,63,D#4,143.250000,0.328125
00046,00046.mid,65,F4,143.578125,2.515625
00047,00047.mid,60,C4,1.071429,0.178572
00047,00047.mid,62,D4,1.250001,0.178571
00047,00047.mid,64,E4,1.428572,0.357143
00047,00047.mid,64,E4,1.785715,0.357143
00047,00047.mid,60,C4,2.142858,0.357143
00047,00047.mid,60,C4,2.500001,0.178571
00047,00047.mid,62,D4,2.678573,0.178571
00047,00047.mid,64,E4,2.857144,0.357143
00047,00047.mid,64,E4,3.214287,0.357143
00047,00047.mid,60,C4,3.571430,0.357143
00047,00047.mid,60,C4,3.928573,0.178572
00047,00047.mid,62,D4,4.107145,0.178571
00047,00047.mid,64,E4,4.285716,0.357143
00047,00047.mid,64,E4,4.642859,0.357143
00047,00047.mid,65,F4,5.000002,0.357143
00047,00047.mid,64,E4,5.357145,0.357143
00047,00047.mid,62,D4,5.714288,1.071429
00047,00047.mid,59,B3,6.785717,0.178572
00047,00047.mid,60,C4,6.964289,0.178571
00047,00047.mid,62,D4,7.142860,0.357143
00047,00047.mid,62,D4,7.500003,0.357143
00047,00047.mid,59,B3,7.857146,0.357143
00047,00047.mid,59,B3,8.214289,0.178571
00047,00047.mid,60,C4,8.392860,0.178572
00047,00047.mid,62,D4,8.571432,0.357143
00047,00047.mid,62,D4,8.928575,0.357143
00047,00047.mid,59,B3,9.285718,0.357143
00047,00047.mid,59,B3,9.642861,0.178572
00047,00047.mid,62,D4,9.821433,0.178572
00047,00047.mid,67,G4,10.000004,0.178572
00047,00047.mid,67,G4,10.178576,0.178571
00047,00047.mid,67,G4,10.357147,0.178572
00047,00047.mid,67,G4,10.535718,0.178572
00047,00047.mid,65,F4,10.714290,0.357143
00047,00047.mid,62,D4,11.071433,0.357143
00047,00047.mid,60,C4,11.428576,1.071429
00047,00047.mid,60,C4,12.500005,0.178572
00047,00047.mid,62,D4,12.678577,0.178572
00047,00047.mid,64,E4,12.857148,1.071429
00047,00047.mid,60,C4,13.928577,0.178572
00047,00047.mid,62,D4,14.107149,0.178571
00047,00047.mid,64,E4,14.285720,1.071429
00047,00047.mid,60,C4,15.357149,0.178572
00047,00047.mid,62,D4,15.535721,0.178572
00047,00047.mid,64,E4,15.714292,0.357143
00047,00047.mid,64,E4,16.071435,0.357143
00047,00047.mid,65,F4,16.428578,0.357143
00047,00047.mid,64,E4,16.785721,0.357143
00047,00047.mid,62,D4,17.142864,1.071429
00047,00047.mid,59,B3,18.214293,0.178572
00047,00047.mid,60,C4,18.392865,0.178572
00047,00047.mid,62,D4,18.571436,0.357143
00047,00047.mid,62,D4,18.928579,0.357143
00047,00047.mid,59,B3,19.285722,0.357143
00047,00047.mid,59,B3,19.642865,0.178572
00047,00047.mid,60,C4,19.821437,0.178572
00047,00047.mid,62,D4,20.000008,0.357143
00047,00047.mid,62,D4,20.357151,0.357143
00047,00047.mid,59,B3,20.714294,0.357143
00047,00047.mid,62,D4,21.071437,0.357143
00047,00047.mid,67,G4,21.428580,0.178572
00047,00047.mid,67,G4,21.607152,0.178572
00047,00047.mid,67,G4,21.785723,0.178572
00047,00047.mid,67,G4,21.964295,0.178572
00047,00047.mid,65,F4,22.142866,0.357143
00047,00047.mid,62,D4,22.500009,0.357143
00047,00047.mid,60,C4,22.857152,1.428572
00048,00048.mid,71,B4,0.000000,0.500000
00048,00048.mid,71,B4,0.500000,0.500000
00048,00048.mid,71,B4,1.000000,0.500000
00048,00048.mid,74,D5,1.500000,0.500000
00048,00048.mid,71,B4,2.000000,0.500000
00048,00048.mid,69,A4,2.500000,0.250000
00048,00048.mid,67,G4,2.750000,0.750000
00048,00048.mid,72,C5,4.000000,0.500000
00048,00048.mid,72,C5,4.500000,0.500000
00048,00048.mid,72,C5,5.000000,0.500000
00048,00048.mid,74,D5,5.500000,0.500000
00048,00048.mid,72,C5,6.000000,0.500000
00048,00048.mid,71,B4,6.500000,0.250000
00048,00048.mid,69,A4,6.750000,1.000000
00048,00048.mid,71,B4,8.000000,0.500000
00048,00048.mid,71,B4,8.500000,0.500000
00048,00048.mid,71,B4,9.000000,0.500000
00048,00048.mid,74,D5,9.500000,0.500000
00048,00048.mid,71,B4,10.000000,0.500000
00048,00048.mid,69,A4,10.500000,0.250000
00048,00048.mid,67,G4,10.750000,0.750000
00048,00048.mid,72,C5,12.000000,0.500000
00048,00048.mid,72,C5,12.500000,0.500000
00048,00048.mid,72,C5,13.000000,0.500000
00048,00048.mid,74,D5,13.500000,0.500000
00048,00048.mid,72,C5,14.000000,0.500000
00048,00048.mid,71,B4,14.500000,0.250000
00048,00048.mid,69,A4,14.750000,0.750000
00048,00048.mid,71,B4,15.500000,0.250000
00048,00048.mid,72,C5,15.750000,0.250000
00048,00048.mid,74,D5,16.000000,1.250000
00048,00048.mid,71,B4,17.500000,0.250000
00048,00048.mid,69,A4,17.750000,0.250000
00048,00048.mid,67,G4,18.000000,2.000000
00048,00048.mid,76,E5,20.000000,0.500000
00048,00048.mid,74,D5,20.500000,0.500000
00048,00048.mid,72,C5,21.000000,0.500000
00048,00048.mid,71,B4,21.500000,0.500000
00048,00048.mid,69,A4,22.000000,1.250000
00048,00048.mid,71,B4,23.500000,0.250000
00048,00048.mid,72,C5,23.750000,0.250000
00048,00048.mid,74,D5,24.000000,1.250000
00048,00048.mid,71,B4,25.500000,0.250000
00048,00048.mid,69,A4,25.750000,0.250000
00048,00048.mid,67,G4,26.000000,2.000000
00048,00048.mid,76,E5,28.000000,0.500000
00048,00048.mid,74,D5,28.500000,0.500000
00048,00048.mid,72,C5,29.000000,0.500000
00048,00048.mid,71,B4,29.500000,0.500000
00048,00048.mid,69,A4,30.000000,0.750000
00048,00048.mid,66,F#4,31.000000,0.500000
00048,00048.mid,67,G4,31.500000,0.250000
00048,00048.mid,69,A4,31.750000,0.250000
00048,00048.mid,67,G4,32.000000,0.750000
